Date,Facility_ID,Departments,Predicted_Arrivals
2026-01-01,01-24,ER,25
2026-01-01,01-24,ICU,8
2026-01-01,01-24,Maternity,5
2026-01-01,01-23,ER,23
2026-01-01,01-23,ICU,13
2026-01-01,01-23,Maternity,2
2026-01-01,01-20,ER,22
2026-01-01,01-20,ICU,15
2026-01-01,01-20,Maternity,4
2026-01-01,01-02,ER,19
2026-01-01,01-02,ICU,9
2026-01-01,01-02,Maternity,3
2026-01-01,01-03,ER,23
2026-01-01,01-03,ICU,6
2026-01-01,01-03,Maternity,4
2026-01-01,01-21,ER,19
2026-01-01,01-21,ICU,9
2026-01-01,01-21,Maternity,4
2026-01-01,01-19,ER,14
2026-01-01,01-19,ICU,13
2026-01-01,01-19,Maternity,3
2026-01-01,PRIV01,ER,18
2026-01-01,PRIV01,ICU,9
2026-01-01,PRIV01,Maternity,7
2026-01-01,PRIV02,ER,16
2026-01-01,PRIV02,ICU,13
2026-01-01,PRIV02,Maternity,3
2026-01-01,PRIV03,ER,20
2026-01-01,PRIV03,ICU,9
2026-01-01,PRIV03,Maternity,3
2026-01-01,PRIV04,ER,21
2026-01-01,PRIV04,ICU,17
2026-01-01,PRIV04,Maternity,3
2026-01-01,PRIV05,ER,23
2026-01-01,PRIV05,ICU,10
2026-01-01,PRIV05,Maternity,6
2026-01-01,03-18,ER,16
2026-01-01,03-18,ICU,16
2026-01-01,03-18,Maternity,4
2026-01-01,04-16,ER,20
2026-01-01,04-16,ICU,5
2026-01-01,04-16,Maternity,5
2026-01-01,05-08,ER,15
2026-01-01,05-08,ICU,10
2026-01-01,05-08,Maternity,2
2026-01-01,05-17,ER,11
2026-01-01,05-17,ICU,8
2026-01-01,05-17,Maternity,2
2026-01-01,06-05,ER,17
2026-01-01,06-05,ICU,11
2026-01-01,06-05,Maternity,6
2026-01-01,07-10,ER,20
2026-01-01,07-10,ICU,12
2026-01-01,07-10,Maternity,7
2026-01-01,08-01,ER,16
2026-01-01,08-01,ICU,13
2026-01-01,08-01,Maternity,8
2026-01-01,PRIV06,ER,28
2026-01-01,PRIV06,ICU,16
2026-01-01,PRIV06,Maternity,6
2026-01-01,PRIV07,ER,16
2026-01-01,PRIV07,ICU,10
2026-01-01,PRIV07,Maternity,4
2026-01-01,PRIV08,ER,23
2026-01-01,PRIV08,ICU,16
2026-01-01,PRIV08,Maternity,2
2026-01-01,13-12,ER,24
2026-01-01,13-12,ICU,9
2026-01-01,13-12,Maternity,5
2026-01-01,14-07,ER,12
2026-01-01,14-07,ICU,15
2026-01-01,14-07,Maternity,4
2026-01-01,14-11,ER,20
2026-01-01,14-11,ICU,8
2026-01-01,14-11,Maternity,5
2026-01-01,01-22,ER,16
2026-01-01,01-22,ICU,21
2026-01-01,01-22,Maternity,4
2026-01-02,01-24,ER,23
2026-01-02,01-24,ICU,8
2026-01-02,01-24,Maternity,10
2026-01-02,01-23,ER,19
2026-01-02,01-23,ICU,7
2026-01-02,01-23,Maternity,4
2026-01-02,01-20,ER,22
2026-01-02,01-20,ICU,11
2026-01-02,01-20,Maternity,8
2026-01-02,01-02,ER,19
2026-01-02,01-02,ICU,8
2026-01-02,01-02,Maternity,8
2026-01-02,01-03,ER,25
2026-01-02,01-03,ICU,9
2026-01-02,01-03,Maternity,5
2026-01-02,01-21,ER,31
2026-01-02,01-21,ICU,9
2026-01-02,01-21,Maternity,4
2026-01-02,01-19,ER,20
2026-01-02,01-19,ICU,9
2026-01-02,01-19,Maternity,9
2026-01-02,PRIV01,ER,22
2026-01-02,PRIV01,ICU,8
2026-01-02,PRIV01,Maternity,7
2026-01-02,PRIV02,ER,19
2026-01-02,PRIV02,ICU,8
2026-01-02,PRIV02,Maternity,1
2026-01-02,PRIV03,ER,13
2026-01-02,PRIV03,ICU,10
2026-01-02,PRIV03,Maternity,5
2026-01-02,PRIV04,ER,23
2026-01-02,PRIV04,ICU,6
2026-01-02,PRIV04,Maternity,2
2026-01-02,PRIV05,ER,16
2026-01-02,PRIV05,ICU,12
2026-01-02,PRIV05,Maternity,5
2026-01-02,03-18,ER,22
2026-01-02,03-18,ICU,11
2026-01-02,03-18,Maternity,2
2026-01-02,04-16,ER,22
2026-01-02,04-16,ICU,6
2026-01-02,04-16,Maternity,6
2026-01-02,05-08,ER,23
2026-01-02,05-08,ICU,13
2026-01-02,05-08,Maternity,5
2026-01-02,05-17,ER,31
2026-01-02,05-17,ICU,10
2026-01-02,05-17,Maternity,7
2026-01-02,06-05,ER,20
2026-01-02,06-05,ICU,6
2026-01-02,06-05,Maternity,7
2026-01-02,07-10,ER,22
2026-01-02,07-10,ICU,11
2026-01-02,07-10,Maternity,9
2026-01-02,08-01,ER,16
2026-01-02,08-01,ICU,12
2026-01-02,08-01,Maternity,8
2026-01-02,PRIV06,ER,20
2026-01-02,PRIV06,ICU,10
2026-01-02,PRIV06,Maternity,4
2026-01-02,PRIV07,ER,20
2026-01-02,PRIV07,ICU,2
2026-01-02,PRIV07,Maternity,2
2026-01-02,PRIV08,ER,22
2026-01-02,PRIV08,ICU,7
2026-01-02,PRIV08,Maternity,2
2026-01-02,13-12,ER,21
2026-01-02,13-12,ICU,11
2026-01-02,13-12,Maternity,5
2026-01-02,14-07,ER,19
2026-01-02,14-07,ICU,16
2026-01-02,14-07,Maternity,5
2026-01-02,14-11,ER,28
2026-01-02,14-11,ICU,12
2026-01-02,14-11,Maternity,7
2026-01-02,01-22,ER,13
2026-01-02,01-22,ICU,17
2026-01-02,01-22,Maternity,3
2026-01-03,01-24,ER,17
2026-01-03,01-24,ICU,8
2026-01-03,01-24,Maternity,7
2026-01-03,01-23,ER,14
2026-01-03,01-23,ICU,8
2026-01-03,01-23,Maternity,6
2026-01-03,01-20,ER,18
2026-01-03,01-20,ICU,14
2026-01-03,01-20,Maternity,6
2026-01-03,01-02,ER,14
2026-01-03,01-02,ICU,8
2026-01-03,01-02,Maternity,8
2026-01-03,01-03,ER,19
2026-01-03,01-03,ICU,8
2026-01-03,01-03,Maternity,7
2026-01-03,01-21,ER,22
2026-01-03,01-21,ICU,10
2026-01-03,01-21,Maternity,3
2026-01-03,01-19,ER,16
2026-01-03,01-19,ICU,7
2026-01-03,01-19,Maternity,4
2026-01-03,PRIV01,ER,13
2026-01-03,PRIV01,ICU,8
2026-01-03,PRIV01,Maternity,10
2026-01-03,PRIV02,ER,15
2026-01-03,PRIV02,ICU,9
2026-01-03,PRIV02,Maternity,4
2026-01-03,PRIV03,ER,20
2026-01-03,PRIV03,ICU,8
2026-01-03,PRIV03,Maternity,1
2026-01-03,PRIV04,ER,14
2026-01-03,PRIV04,ICU,17
2026-01-03,PRIV04,Maternity,7
2026-01-03,PRIV05,ER,28
2026-01-03,PRIV05,ICU,16
2026-01-03,PRIV05,Maternity,5
2026-01-03,03-18,ER,22
2026-01-03,03-18,ICU,12
2026-01-03,03-18,Maternity,3
2026-01-03,04-16,ER,18
2026-01-03,04-16,ICU,7
2026-01-03,04-16,Maternity,3
2026-01-03,05-08,ER,17
2026-01-03,05-08,ICU,21
2026-01-03,05-08,Maternity,5
2026-01-03,05-17,ER,23
2026-01-03,05-17,ICU,7
2026-01-03,05-17,Maternity,4
2026-01-03,06-05,ER,21
2026-01-03,06-05,ICU,12
2026-01-03,06-05,Maternity,8
2026-01-03,07-10,ER,23
2026-01-03,07-10,ICU,5
2026-01-03,07-10,Maternity,3
2026-01-03,08-01,ER,28
2026-01-03,08-01,ICU,10
2026-01-03,08-01,Maternity,4
2026-01-03,PRIV06,ER,22
2026-01-03,PRIV06,ICU,6
2026-01-03,PRIV06,Maternity,6
2026-01-03,PRIV07,ER,24
2026-01-03,PRIV07,ICU,8
2026-01-03,PRIV07,Maternity,7
2026-01-03,PRIV08,ER,22
2026-01-03,PRIV08,ICU,1
2026-01-03,PRIV08,Maternity,10
2026-01-03,13-12,ER,18
2026-01-03,13-12,ICU,9
2026-01-03,13-12,Maternity,6
2026-01-03,14-07,ER,27
2026-01-03,14-07,ICU,12
2026-01-03,14-07,Maternity,7
2026-01-03,14-11,ER,18
2026-01-03,14-11,ICU,11
2026-01-03,14-11,Maternity,2
2026-01-03,01-22,ER,20
2026-01-03,01-22,ICU,12
2026-01-03,01-22,Maternity,4
2026-01-04,01-24,ER,19
2026-01-04,01-24,ICU,9
2026-01-04,01-24,Maternity,7
2026-01-04,01-23,ER,21
2026-01-04,01-23,ICU,15
2026-01-04,01-23,Maternity,8
2026-01-04,01-20,ER,20
2026-01-04,01-20,ICU,13
2026-01-04,01-20,Maternity,8
2026-01-04,01-02,ER,25
2026-01-04,01-02,ICU,11
2026-01-04,01-02,Maternity,6
2026-01-04,01-03,ER,21
2026-01-04,01-03,ICU,14
2026-01-04,01-03,Maternity,4
2026-01-04,01-21,ER,19
2026-01-04,01-21,ICU,9
2026-01-04,01-21,Maternity,5
2026-01-04,01-19,ER,21
2026-01-04,01-19,ICU,9
2026-01-04,01-19,Maternity,4
2026-01-04,PRIV01,ER,17
2026-01-04,PRIV01,ICU,11
2026-01-04,PRIV01,Maternity,7
2026-01-04,PRIV02,ER,23
2026-01-04,PRIV02,ICU,7
2026-01-04,PRIV02,Maternity,6
2026-01-04,PRIV03,ER,26
2026-01-04,PRIV03,ICU,13
2026-01-04,PRIV03,Maternity,5
2026-01-04,PRIV04,ER,26
2026-01-04,PRIV04,ICU,10
2026-01-04,PRIV04,Maternity,6
2026-01-04,PRIV05,ER,17
2026-01-04,PRIV05,ICU,11
2026-01-04,PRIV05,Maternity,5
2026-01-04,03-18,ER,14
2026-01-04,03-18,ICU,4
2026-01-04,03-18,Maternity,3
2026-01-04,04-16,ER,22
2026-01-04,04-16,ICU,9
2026-01-04,04-16,Maternity,4
2026-01-04,05-08,ER,28
2026-01-04,05-08,ICU,10
2026-01-04,05-08,Maternity,7
2026-01-04,05-17,ER,22
2026-01-04,05-17,ICU,11
2026-01-04,05-17,Maternity,1
2026-01-04,06-05,ER,21
2026-01-04,06-05,ICU,14
2026-01-04,06-05,Maternity,6
2026-01-04,07-10,ER,16
2026-01-04,07-10,ICU,14
2026-01-04,07-10,Maternity,5
2026-01-04,08-01,ER,23
2026-01-04,08-01,ICU,11
2026-01-04,08-01,Maternity,4
2026-01-04,PRIV06,ER,16
2026-01-04,PRIV06,ICU,10
2026-01-04,PRIV06,Maternity,5
2026-01-04,PRIV07,ER,30
2026-01-04,PRIV07,ICU,14
2026-01-04,PRIV07,Maternity,6
2026-01-04,PRIV08,ER,21
2026-01-04,PRIV08,ICU,7
2026-01-04,PRIV08,Maternity,5
2026-01-04,13-12,ER,15
2026-01-04,13-12,ICU,9
2026-01-04,13-12,Maternity,4
2026-01-04,14-07,ER,12
2026-01-04,14-07,ICU,14
2026-01-04,14-07,Maternity,4
2026-01-04,14-11,ER,21
2026-01-04,14-11,ICU,13
2026-01-04,14-11,Maternity,2
2026-01-04,01-22,ER,20
2026-01-04,01-22,ICU,8
2026-01-04,01-22,Maternity,4
2026-01-05,01-24,ER,22
2026-01-05,01-24,ICU,8
2026-01-05,01-24,Maternity,3
2026-01-05,01-23,ER,17
2026-01-05,01-23,ICU,11
2026-01-05,01-23,Maternity,4
2026-01-05,01-20,ER,18
2026-01-05,01-20,ICU,11
2026-01-05,01-20,Maternity,5
2026-01-05,01-02,ER,20
2026-01-05,01-02,ICU,15
2026-01-05,01-02,Maternity,9
2026-01-05,01-03,ER,13
2026-01-05,01-03,ICU,15
2026-01-05,01-03,Maternity,5
2026-01-05,01-21,ER,17
2026-01-05,01-21,ICU,11
2026-01-05,01-21,Maternity,5
2026-01-05,01-19,ER,21
2026-01-05,01-19,ICU,20
2026-01-05,01-19,Maternity,6
2026-01-05,PRIV01,ER,22
2026-01-05,PRIV01,ICU,5
2026-01-05,PRIV01,Maternity,2
2026-01-05,PRIV02,ER,21
2026-01-05,PRIV02,ICU,6
2026-01-05,PRIV02,Maternity,7
2026-01-05,PRIV03,ER,23
2026-01-05,PRIV03,ICU,10
2026-01-05,PRIV03,Maternity,2
2026-01-05,PRIV04,ER,17
2026-01-05,PRIV04,ICU,6
2026-01-05,PRIV04,Maternity,6
2026-01-05,PRIV05,ER,12
2026-01-05,PRIV05,ICU,9
2026-01-05,PRIV05,Maternity,3
2026-01-05,03-18,ER,24
2026-01-05,03-18,ICU,6
2026-01-05,03-18,Maternity,5
2026-01-05,04-16,ER,18
2026-01-05,04-16,ICU,12
2026-01-05,04-16,Maternity,13
2026-01-05,05-08,ER,22
2026-01-05,05-08,ICU,10
2026-01-05,05-08,Maternity,8
2026-01-05,05-17,ER,21
2026-01-05,05-17,ICU,13
2026-01-05,05-17,Maternity,4
2026-01-05,06-05,ER,9
2026-01-05,06-05,ICU,9
2026-01-05,06-05,Maternity,5
2026-01-05,07-10,ER,24
2026-01-05,07-10,ICU,14
2026-01-05,07-10,Maternity,2
2026-01-05,08-01,ER,21
2026-01-05,08-01,ICU,9
2026-01-05,08-01,Maternity,6
2026-01-05,PRIV06,ER,23
2026-01-05,PRIV06,ICU,12
2026-01-05,PRIV06,Maternity,4
2026-01-05,PRIV07,ER,14
2026-01-05,PRIV07,ICU,13
2026-01-05,PRIV07,Maternity,4
2026-01-05,PRIV08,ER,17
2026-01-05,PRIV08,ICU,11
2026-01-05,PRIV08,Maternity,4
2026-01-05,13-12,ER,21
2026-01-05,13-12,ICU,7
2026-01-05,13-12,Maternity,5
2026-01-05,14-07,ER,17
2026-01-05,14-07,ICU,13
2026-01-05,14-07,Maternity,6
2026-01-05,14-11,ER,19
2026-01-05,14-11,ICU,12
2026-01-05,14-11,Maternity,3
2026-01-05,01-22,ER,19
2026-01-05,01-22,ICU,11
2026-01-05,01-22,Maternity,7
2026-01-06,01-24,ER,23
2026-01-06,01-24,ICU,19
2026-01-06,01-24,Maternity,9
2026-01-06,01-23,ER,23
2026-01-06,01-23,ICU,9
2026-01-06,01-23,Maternity,7
2026-01-06,01-20,ER,24
2026-01-06,01-20,ICU,8
2026-01-06,01-20,Maternity,4
2026-01-06,01-02,ER,22
2026-01-06,01-02,ICU,6
2026-01-06,01-02,Maternity,5
2026-01-06,01-03,ER,19
2026-01-06,01-03,ICU,12
2026-01-06,01-03,Maternity,7
2026-01-06,01-21,ER,20
2026-01-06,01-21,ICU,7
2026-01-06,01-21,Maternity,3
2026-01-06,01-19,ER,17
2026-01-06,01-19,ICU,7
2026-01-06,01-19,Maternity,3
2026-01-06,PRIV01,ER,20
2026-01-06,PRIV01,ICU,12
2026-01-06,PRIV01,Maternity,4
2026-01-06,PRIV02,ER,16
2026-01-06,PRIV02,ICU,15
2026-01-06,PRIV02,Maternity,5
2026-01-06,PRIV03,ER,17
2026-01-06,PRIV03,ICU,11
2026-01-06,PRIV03,Maternity,6
2026-01-06,PRIV04,ER,23
2026-01-06,PRIV04,ICU,11
2026-01-06,PRIV04,Maternity,0
2026-01-06,PRIV05,ER,24
2026-01-06,PRIV05,ICU,18
2026-01-06,PRIV05,Maternity,6
2026-01-06,03-18,ER,21
2026-01-06,03-18,ICU,20
2026-01-06,03-18,Maternity,3
2026-01-06,04-16,ER,24
2026-01-06,04-16,ICU,11
2026-01-06,04-16,Maternity,8
2026-01-06,05-08,ER,15
2026-01-06,05-08,ICU,12
2026-01-06,05-08,Maternity,1
2026-01-06,05-17,ER,23
2026-01-06,05-17,ICU,10
2026-01-06,05-17,Maternity,2
2026-01-06,06-05,ER,19
2026-01-06,06-05,ICU,7
2026-01-06,06-05,Maternity,4
2026-01-06,07-10,ER,15
2026-01-06,07-10,ICU,12
2026-01-06,07-10,Maternity,8
2026-01-06,08-01,ER,19
2026-01-06,08-01,ICU,9
2026-01-06,08-01,Maternity,4
2026-01-06,PRIV06,ER,28
2026-01-06,PRIV06,ICU,4
2026-01-06,PRIV06,Maternity,3
2026-01-06,PRIV07,ER,16
2026-01-06,PRIV07,ICU,9
2026-01-06,PRIV07,Maternity,4
2026-01-06,PRIV08,ER,19
2026-01-06,PRIV08,ICU,8
2026-01-06,PRIV08,Maternity,6
2026-01-06,13-12,ER,19
2026-01-06,13-12,ICU,7
2026-01-06,13-12,Maternity,5
2026-01-06,14-07,ER,16
2026-01-06,14-07,ICU,9
2026-01-06,14-07,Maternity,5
2026-01-06,14-11,ER,17
2026-01-06,14-11,ICU,13
2026-01-06,14-11,Maternity,2
2026-01-06,01-22,ER,24
2026-01-06,01-22,ICU,8
2026-01-06,01-22,Maternity,15
2026-01-07,01-24,ER,23
2026-01-07,01-24,ICU,11
2026-01-07,01-24,Maternity,6
2026-01-07,01-23,ER,15
2026-01-07,01-23,ICU,6
2026-01-07,01-23,Maternity,3
2026-01-07,01-20,ER,25
2026-01-07,01-20,ICU,10
2026-01-07,01-20,Maternity,3
2026-01-07,01-02,ER,19
2026-01-07,01-02,ICU,9
2026-01-07,01-02,Maternity,8
2026-01-07,01-03,ER,17
2026-01-07,01-03,ICU,5
2026-01-07,01-03,Maternity,3
2026-01-07,01-21,ER,24
2026-01-07,01-21,ICU,9
2026-01-07,01-21,Maternity,6
2026-01-07,01-19,ER,22
2026-01-07,01-19,ICU,10
2026-01-07,01-19,Maternity,1
2026-01-07,PRIV01,ER,18
2026-01-07,PRIV01,ICU,16
2026-01-07,PRIV01,Maternity,3
2026-01-07,PRIV02,ER,26
2026-01-07,PRIV02,ICU,15
2026-01-07,PRIV02,Maternity,6
2026-01-07,PRIV03,ER,22
2026-01-07,PRIV03,ICU,9
2026-01-07,PRIV03,Maternity,3
2026-01-07,PRIV04,ER,30
2026-01-07,PRIV04,ICU,8
2026-01-07,PRIV04,Maternity,5
2026-01-07,PRIV05,ER,17
2026-01-07,PRIV05,ICU,11
2026-01-07,PRIV05,Maternity,4
2026-01-07,03-18,ER,16
2026-01-07,03-18,ICU,11
2026-01-07,03-18,Maternity,2
2026-01-07,04-16,ER,26
2026-01-07,04-16,ICU,12
2026-01-07,04-16,Maternity,5
2026-01-07,05-08,ER,28
2026-01-07,05-08,ICU,9
2026-01-07,05-08,Maternity,2
2026-01-07,05-17,ER,22
2026-01-07,05-17,ICU,10
2026-01-07,05-17,Maternity,2
2026-01-07,06-05,ER,19
2026-01-07,06-05,ICU,13
2026-01-07,06-05,Maternity,5
2026-01-07,07-10,ER,12
2026-01-07,07-10,ICU,10
2026-01-07,07-10,Maternity,5
2026-01-07,08-01,ER,23
2026-01-07,08-01,ICU,20
2026-01-07,08-01,Maternity,5
2026-01-07,PRIV06,ER,32
2026-01-07,PRIV06,ICU,8
2026-01-07,PRIV06,Maternity,2
2026-01-07,PRIV07,ER,20
2026-01-07,PRIV07,ICU,7
2026-01-07,PRIV07,Maternity,6
2026-01-07,PRIV08,ER,13
2026-01-07,PRIV08,ICU,14
2026-01-07,PRIV08,Maternity,13
2026-01-07,13-12,ER,33
2026-01-07,13-12,ICU,6
2026-01-07,13-12,Maternity,8
2026-01-07,14-07,ER,14
2026-01-07,14-07,ICU,6
2026-01-07,14-07,Maternity,3
2026-01-07,14-11,ER,16
2026-01-07,14-11,ICU,19
2026-01-07,14-11,Maternity,8
2026-01-07,01-22,ER,19
2026-01-07,01-22,ICU,3
2026-01-07,01-22,Maternity,6
2026-01-08,01-24,ER,22
2026-01-08,01-24,ICU,10
2026-01-08,01-24,Maternity,2
2026-01-08,01-23,ER,22
2026-01-08,01-23,ICU,14
2026-01-08,01-23,Maternity,4
2026-01-08,01-20,ER,20
2026-01-08,01-20,ICU,13
2026-01-08,01-20,Maternity,4
2026-01-08,01-02,ER,19
2026-01-08,01-02,ICU,12
2026-01-08,01-02,Maternity,8
2026-01-08,01-03,ER,15
2026-01-08,01-03,ICU,12
2026-01-08,01-03,Maternity,6
2026-01-08,01-21,ER,20
2026-01-08,01-21,ICU,11
2026-01-08,01-21,Maternity,8
2026-01-08,01-19,ER,20
2026-01-08,01-19,ICU,12
2026-01-08,01-19,Maternity,4
2026-01-08,PRIV01,ER,20
2026-01-08,PRIV01,ICU,8
2026-01-08,PRIV01,Maternity,5
2026-01-08,PRIV02,ER,22
2026-01-08,PRIV02,ICU,13
2026-01-08,PRIV02,Maternity,8
2026-01-08,PRIV03,ER,11
2026-01-08,PRIV03,ICU,12
2026-01-08,PRIV03,Maternity,4
2026-01-08,PRIV04,ER,21
2026-01-08,PRIV04,ICU,11
2026-01-08,PRIV04,Maternity,7
2026-01-08,PRIV05,ER,12
2026-01-08,PRIV05,ICU,8
2026-01-08,PRIV05,Maternity,4
2026-01-08,03-18,ER,18
2026-01-08,03-18,ICU,6
2026-01-08,03-18,Maternity,6
2026-01-08,04-16,ER,17
2026-01-08,04-16,ICU,11
2026-01-08,04-16,Maternity,3
2026-01-08,05-08,ER,22
2026-01-08,05-08,ICU,13
2026-01-08,05-08,Maternity,7
2026-01-08,05-17,ER,22
2026-01-08,05-17,ICU,5
2026-01-08,05-17,Maternity,5
2026-01-08,06-05,ER,19
2026-01-08,06-05,ICU,10
2026-01-08,06-05,Maternity,1
2026-01-08,07-10,ER,17
2026-01-08,07-10,ICU,13
2026-01-08,07-10,Maternity,2
2026-01-08,08-01,ER,16
2026-01-08,08-01,ICU,12
2026-01-08,08-01,Maternity,2
2026-01-08,PRIV06,ER,26
2026-01-08,PRIV06,ICU,8
2026-01-08,PRIV06,Maternity,6
2026-01-08,PRIV07,ER,20
2026-01-08,PRIV07,ICU,15
2026-01-08,PRIV07,Maternity,4
2026-01-08,PRIV08,ER,24
2026-01-08,PRIV08,ICU,10
2026-01-08,PRIV08,Maternity,2
2026-01-08,13-12,ER,20
2026-01-08,13-12,ICU,7
2026-01-08,13-12,Maternity,7
2026-01-08,14-07,ER,22
2026-01-08,14-07,ICU,11
2026-01-08,14-07,Maternity,5
2026-01-08,14-11,ER,15
2026-01-08,14-11,ICU,11
2026-01-08,14-11,Maternity,3
2026-01-08,01-22,ER,13
2026-01-08,01-22,ICU,11
2026-01-08,01-22,Maternity,2
2026-01-09,01-24,ER,18
2026-01-09,01-24,ICU,10
2026-01-09,01-24,Maternity,5
2026-01-09,01-23,ER,15
2026-01-09,01-23,ICU,13
2026-01-09,01-23,Maternity,3
2026-01-09,01-20,ER,24
2026-01-09,01-20,ICU,11
2026-01-09,01-20,Maternity,6
2026-01-09,01-02,ER,21
2026-01-09,01-02,ICU,12
2026-01-09,01-02,Maternity,5
2026-01-09,01-03,ER,14
2026-01-09,01-03,ICU,5
2026-01-09,01-03,Maternity,5
2026-01-09,01-21,ER,23
2026-01-09,01-21,ICU,9
2026-01-09,01-21,Maternity,5
2026-01-09,01-19,ER,23
2026-01-09,01-19,ICU,13
2026-01-09,01-19,Maternity,4
2026-01-09,PRIV01,ER,19
2026-01-09,PRIV01,ICU,9
2026-01-09,PRIV01,Maternity,4
2026-01-09,PRIV02,ER,16
2026-01-09,PRIV02,ICU,14
2026-01-09,PRIV02,Maternity,5
2026-01-09,PRIV03,ER,14
2026-01-09,PRIV03,ICU,11
2026-01-09,PRIV03,Maternity,2
2026-01-09,PRIV04,ER,15
2026-01-09,PRIV04,ICU,8
2026-01-09,PRIV04,Maternity,5
2026-01-09,PRIV05,ER,15
2026-01-09,PRIV05,ICU,8
2026-01-09,PRIV05,Maternity,4
2026-01-09,03-18,ER,17
2026-01-09,03-18,ICU,10
2026-01-09,03-18,Maternity,7
2026-01-09,04-16,ER,18
2026-01-09,04-16,ICU,9
2026-01-09,04-16,Maternity,4
2026-01-09,05-08,ER,29
2026-01-09,05-08,ICU,9
2026-01-09,05-08,Maternity,6
2026-01-09,05-17,ER,16
2026-01-09,05-17,ICU,7
2026-01-09,05-17,Maternity,3
2026-01-09,06-05,ER,17
2026-01-09,06-05,ICU,9
2026-01-09,06-05,Maternity,5
2026-01-09,07-10,ER,11
2026-01-09,07-10,ICU,12
2026-01-09,07-10,Maternity,6
2026-01-09,08-01,ER,23
2026-01-09,08-01,ICU,4
2026-01-09,08-01,Maternity,4
2026-01-09,PRIV06,ER,23
2026-01-09,PRIV06,ICU,9
2026-01-09,PRIV06,Maternity,7
2026-01-09,PRIV07,ER,20
2026-01-09,PRIV07,ICU,11
2026-01-09,PRIV07,Maternity,4
2026-01-09,PRIV08,ER,15
2026-01-09,PRIV08,ICU,9
2026-01-09,PRIV08,Maternity,7
2026-01-09,13-12,ER,19
2026-01-09,13-12,ICU,9
2026-01-09,13-12,Maternity,7
2026-01-09,14-07,ER,19
2026-01-09,14-07,ICU,14
2026-01-09,14-07,Maternity,9
2026-01-09,14-11,ER,20
2026-01-09,14-11,ICU,12
2026-01-09,14-11,Maternity,4
2026-01-09,01-22,ER,16
2026-01-09,01-22,ICU,17
2026-01-09,01-22,Maternity,3
2026-01-10,01-24,ER,23
2026-01-10,01-24,ICU,6
2026-01-10,01-24,Maternity,5
2026-01-10,01-23,ER,24
2026-01-10,01-23,ICU,6
2026-01-10,01-23,Maternity,5
2026-01-10,01-20,ER,21
2026-01-10,01-20,ICU,8
2026-01-10,01-20,Maternity,2
2026-01-10,01-02,ER,19
2026-01-10,01-02,ICU,18
2026-01-10,01-02,Maternity,4
2026-01-10,01-03,ER,21
2026-01-10,01-03,ICU,12
2026-01-10,01-03,Maternity,7
2026-01-10,01-21,ER,25
2026-01-10,01-21,ICU,10
2026-01-10,01-21,Maternity,8
2026-01-10,01-19,ER,21
2026-01-10,01-19,ICU,14
2026-01-10,01-19,Maternity,3
2026-01-10,PRIV01,ER,20
2026-01-10,PRIV01,ICU,7
2026-01-10,PRIV01,Maternity,7
2026-01-10,PRIV02,ER,18
2026-01-10,PRIV02,ICU,11
2026-01-10,PRIV02,Maternity,3
2026-01-10,PRIV03,ER,22
2026-01-10,PRIV03,ICU,8
2026-01-10,PRIV03,Maternity,5
2026-01-10,PRIV04,ER,20
2026-01-10,PRIV04,ICU,7
2026-01-10,PRIV04,Maternity,8
2026-01-10,PRIV05,ER,21
2026-01-10,PRIV05,ICU,13
2026-01-10,PRIV05,Maternity,5
2026-01-10,03-18,ER,13
2026-01-10,03-18,ICU,15
2026-01-10,03-18,Maternity,5
2026-01-10,04-16,ER,33
2026-01-10,04-16,ICU,9
2026-01-10,04-16,Maternity,4
2026-01-10,05-08,ER,22
2026-01-10,05-08,ICU,8
2026-01-10,05-08,Maternity,1
2026-01-10,05-17,ER,17
2026-01-10,05-17,ICU,9
2026-01-10,05-17,Maternity,9
2026-01-10,06-05,ER,26
2026-01-10,06-05,ICU,9
2026-01-10,06-05,Maternity,5
2026-01-10,07-10,ER,13
2026-01-10,07-10,ICU,7
2026-01-10,07-10,Maternity,8
2026-01-10,08-01,ER,30
2026-01-10,08-01,ICU,11
2026-01-10,08-01,Maternity,1
2026-01-10,PRIV06,ER,18
2026-01-10,PRIV06,ICU,10
2026-01-10,PRIV06,Maternity,5
2026-01-10,PRIV07,ER,19
2026-01-10,PRIV07,ICU,10
2026-01-10,PRIV07,Maternity,6
2026-01-10,PRIV08,ER,22
2026-01-10,PRIV08,ICU,9
2026-01-10,PRIV08,Maternity,4
2026-01-10,13-12,ER,20
2026-01-10,13-12,ICU,7
2026-01-10,13-12,Maternity,3
2026-01-10,14-07,ER,20
2026-01-10,14-07,ICU,13
2026-01-10,14-07,Maternity,5
2026-01-10,14-11,ER,14
2026-01-10,14-11,ICU,11
2026-01-10,14-11,Maternity,3
2026-01-10,01-22,ER,23
2026-01-10,01-22,ICU,6
2026-01-10,01-22,Maternity,5
2026-01-11,01-24,ER,30
2026-01-11,01-24,ICU,10
2026-01-11,01-24,Maternity,6
2026-01-11,01-23,ER,20
2026-01-11,01-23,ICU,12
2026-01-11,01-23,Maternity,9
2026-01-11,01-20,ER,16
2026-01-11,01-20,ICU,6
2026-01-11,01-20,Maternity,7
2026-01-11,01-02,ER,17
2026-01-11,01-02,ICU,9
2026-01-11,01-02,Maternity,2
2026-01-11,01-03,ER,32
2026-01-11,01-03,ICU,11
2026-01-11,01-03,Maternity,5
2026-01-11,01-21,ER,18
2026-01-11,01-21,ICU,9
2026-01-11,01-21,Maternity,6
2026-01-11,01-19,ER,25
2026-01-11,01-19,ICU,12
2026-01-11,01-19,Maternity,6
2026-01-11,PRIV01,ER,24
2026-01-11,PRIV01,ICU,6
2026-01-11,PRIV01,Maternity,2
2026-01-11,PRIV02,ER,23
2026-01-11,PRIV02,ICU,8
2026-01-11,PRIV02,Maternity,1
2026-01-11,PRIV03,ER,22
2026-01-11,PRIV03,ICU,7
2026-01-11,PRIV03,Maternity,4
2026-01-11,PRIV04,ER,24
2026-01-11,PRIV04,ICU,7
2026-01-11,PRIV04,Maternity,4
2026-01-11,PRIV05,ER,16
2026-01-11,PRIV05,ICU,7
2026-01-11,PRIV05,Maternity,5
2026-01-11,03-18,ER,21
2026-01-11,03-18,ICU,8
2026-01-11,03-18,Maternity,1
2026-01-11,04-16,ER,19
2026-01-11,04-16,ICU,11
2026-01-11,04-16,Maternity,4
2026-01-11,05-08,ER,21
2026-01-11,05-08,ICU,7
2026-01-11,05-08,Maternity,1
2026-01-11,05-17,ER,30
2026-01-11,05-17,ICU,11
2026-01-11,05-17,Maternity,3
2026-01-11,06-05,ER,17
2026-01-11,06-05,ICU,14
2026-01-11,06-05,Maternity,8
2026-01-11,07-10,ER,16
2026-01-11,07-10,ICU,8
2026-01-11,07-10,Maternity,3
2026-01-11,08-01,ER,21
2026-01-11,08-01,ICU,9
2026-01-11,08-01,Maternity,2
2026-01-11,PRIV06,ER,22
2026-01-11,PRIV06,ICU,7
2026-01-11,PRIV06,Maternity,6
2026-01-11,PRIV07,ER,12
2026-01-11,PRIV07,ICU,9
2026-01-11,PRIV07,Maternity,3
2026-01-11,PRIV08,ER,22
2026-01-11,PRIV08,ICU,5
2026-01-11,PRIV08,Maternity,6
2026-01-11,13-12,ER,24
2026-01-11,13-12,ICU,12
2026-01-11,13-12,Maternity,7
2026-01-11,14-07,ER,23
2026-01-11,14-07,ICU,13
2026-01-11,14-07,Maternity,4
2026-01-11,14-11,ER,21
2026-01-11,14-11,ICU,12
2026-01-11,14-11,Maternity,4
2026-01-11,01-22,ER,20
2026-01-11,01-22,ICU,7
2026-01-11,01-22,Maternity,11
2026-01-12,01-24,ER,15
2026-01-12,01-24,ICU,12
2026-01-12,01-24,Maternity,7
2026-01-12,01-23,ER,26
2026-01-12,01-23,ICU,9
2026-01-12,01-23,Maternity,2
2026-01-12,01-20,ER,23
2026-01-12,01-20,ICU,12
2026-01-12,01-20,Maternity,10
2026-01-12,01-02,ER,14
2026-01-12,01-02,ICU,10
2026-01-12,01-02,Maternity,2
2026-01-12,01-03,ER,16
2026-01-12,01-03,ICU,8
2026-01-12,01-03,Maternity,5
2026-01-12,01-21,ER,33
2026-01-12,01-21,ICU,6
2026-01-12,01-21,Maternity,4
2026-01-12,01-19,ER,22
2026-01-12,01-19,ICU,9
2026-01-12,01-19,Maternity,6
2026-01-12,PRIV01,ER,22
2026-01-12,PRIV01,ICU,8
2026-01-12,PRIV01,Maternity,3
2026-01-12,PRIV02,ER,18
2026-01-12,PRIV02,ICU,10
2026-01-12,PRIV02,Maternity,6
2026-01-12,PRIV03,ER,19
2026-01-12,PRIV03,ICU,7
2026-01-12,PRIV03,Maternity,2
2026-01-12,PRIV04,ER,25
2026-01-12,PRIV04,ICU,11
2026-01-12,PRIV04,Maternity,2
2026-01-12,PRIV05,ER,17
2026-01-12,PRIV05,ICU,9
2026-01-12,PRIV05,Maternity,7
2026-01-12,03-18,ER,21
2026-01-12,03-18,ICU,13
2026-01-12,03-18,Maternity,1
2026-01-12,04-16,ER,19
2026-01-12,04-16,ICU,5
2026-01-12,04-16,Maternity,1
2026-01-12,05-08,ER,19
2026-01-12,05-08,ICU,11
2026-01-12,05-08,Maternity,7
2026-01-12,05-17,ER,25
2026-01-12,05-17,ICU,5
2026-01-12,05-17,Maternity,8
2026-01-12,06-05,ER,27
2026-01-12,06-05,ICU,10
2026-01-12,06-05,Maternity,5
2026-01-12,07-10,ER,17
2026-01-12,07-10,ICU,8
2026-01-12,07-10,Maternity,3
2026-01-12,08-01,ER,16
2026-01-12,08-01,ICU,10
2026-01-12,08-01,Maternity,8
2026-01-12,PRIV06,ER,28
2026-01-12,PRIV06,ICU,10
2026-01-12,PRIV06,Maternity,5
2026-01-12,PRIV07,ER,15
2026-01-12,PRIV07,ICU,17
2026-01-12,PRIV07,Maternity,8
2026-01-12,PRIV08,ER,13
2026-01-12,PRIV08,ICU,10
2026-01-12,PRIV08,Maternity,9
2026-01-12,13-12,ER,15
2026-01-12,13-12,ICU,13
2026-01-12,13-12,Maternity,4
2026-01-12,14-07,ER,13
2026-01-12,14-07,ICU,17
2026-01-12,14-07,Maternity,2
2026-01-12,14-11,ER,15
2026-01-12,14-11,ICU,7
2026-01-12,14-11,Maternity,5
2026-01-12,01-22,ER,23
2026-01-12,01-22,ICU,10
2026-01-12,01-22,Maternity,3
2026-01-13,01-24,ER,17
2026-01-13,01-24,ICU,5
2026-01-13,01-24,Maternity,4
2026-01-13,01-23,ER,30
2026-01-13,01-23,ICU,9
2026-01-13,01-23,Maternity,4
2026-01-13,01-20,ER,22
2026-01-13,01-20,ICU,9
2026-01-13,01-20,Maternity,5
2026-01-13,01-02,ER,27
2026-01-13,01-02,ICU,12
2026-01-13,01-02,Maternity,4
2026-01-13,01-03,ER,15
2026-01-13,01-03,ICU,12
2026-01-13,01-03,Maternity,5
2026-01-13,01-21,ER,19
2026-01-13,01-21,ICU,13
2026-01-13,01-21,Maternity,2
2026-01-13,01-19,ER,34
2026-01-13,01-19,ICU,10
2026-01-13,01-19,Maternity,11
2026-01-13,PRIV01,ER,24
2026-01-13,PRIV01,ICU,9
2026-01-13,PRIV01,Maternity,6
2026-01-13,PRIV02,ER,19
2026-01-13,PRIV02,ICU,10
2026-01-13,PRIV02,Maternity,2
2026-01-13,PRIV03,ER,19
2026-01-13,PRIV03,ICU,6
2026-01-13,PRIV03,Maternity,4
2026-01-13,PRIV04,ER,24
2026-01-13,PRIV04,ICU,11
2026-01-13,PRIV04,Maternity,2
2026-01-13,PRIV05,ER,23
2026-01-13,PRIV05,ICU,6
2026-01-13,PRIV05,Maternity,7
2026-01-13,03-18,ER,15
2026-01-13,03-18,ICU,14
2026-01-13,03-18,Maternity,4
2026-01-13,04-16,ER,20
2026-01-13,04-16,ICU,18
2026-01-13,04-16,Maternity,7
2026-01-13,05-08,ER,27
2026-01-13,05-08,ICU,14
2026-01-13,05-08,Maternity,5
2026-01-13,05-17,ER,18
2026-01-13,05-17,ICU,11
2026-01-13,05-17,Maternity,4
2026-01-13,06-05,ER,17
2026-01-13,06-05,ICU,13
2026-01-13,06-05,Maternity,6
2026-01-13,07-10,ER,19
2026-01-13,07-10,ICU,12
2026-01-13,07-10,Maternity,5
2026-01-13,08-01,ER,17
2026-01-13,08-01,ICU,4
2026-01-13,08-01,Maternity,4
2026-01-13,PRIV06,ER,13
2026-01-13,PRIV06,ICU,10
2026-01-13,PRIV06,Maternity,11
2026-01-13,PRIV07,ER,21
2026-01-13,PRIV07,ICU,8
2026-01-13,PRIV07,Maternity,8
2026-01-13,PRIV08,ER,18
2026-01-13,PRIV08,ICU,9
2026-01-13,PRIV08,Maternity,4
2026-01-13,13-12,ER,28
2026-01-13,13-12,ICU,6
2026-01-13,13-12,Maternity,8
2026-01-13,14-07,ER,23
2026-01-13,14-07,ICU,7
2026-01-13,14-07,Maternity,4
2026-01-13,14-11,ER,18
2026-01-13,14-11,ICU,9
2026-01-13,14-11,Maternity,3
2026-01-13,01-22,ER,24
2026-01-13,01-22,ICU,10
2026-01-13,01-22,Maternity,2
2026-01-14,01-24,ER,34
2026-01-14,01-24,ICU,5
2026-01-14,01-24,Maternity,6
2026-01-14,01-23,ER,22
2026-01-14,01-23,ICU,9
2026-01-14,01-23,Maternity,3
2026-01-14,01-20,ER,23
2026-01-14,01-20,ICU,13
2026-01-14,01-20,Maternity,6
2026-01-14,01-02,ER,16
2026-01-14,01-02,ICU,8
2026-01-14,01-02,Maternity,10
2026-01-14,01-03,ER,17
2026-01-14,01-03,ICU,15
2026-01-14,01-03,Maternity,9
2026-01-14,01-21,ER,13
2026-01-14,01-21,ICU,8
2026-01-14,01-21,Maternity,6
2026-01-14,01-19,ER,20
2026-01-14,01-19,ICU,18
2026-01-14,01-19,Maternity,3
2026-01-14,PRIV01,ER,29
2026-01-14,PRIV01,ICU,7
2026-01-14,PRIV01,Maternity,4
2026-01-14,PRIV02,ER,16
2026-01-14,PRIV02,ICU,11
2026-01-14,PRIV02,Maternity,5
2026-01-14,PRIV03,ER,18
2026-01-14,PRIV03,ICU,11
2026-01-14,PRIV03,Maternity,6
2026-01-14,PRIV04,ER,23
2026-01-14,PRIV04,ICU,9
2026-01-14,PRIV04,Maternity,3
2026-01-14,PRIV05,ER,23
2026-01-14,PRIV05,ICU,14
2026-01-14,PRIV05,Maternity,5
2026-01-14,03-18,ER,27
2026-01-14,03-18,ICU,12
2026-01-14,03-18,Maternity,8
2026-01-14,04-16,ER,11
2026-01-14,04-16,ICU,11
2026-01-14,04-16,Maternity,7
2026-01-14,05-08,ER,16
2026-01-14,05-08,ICU,3
2026-01-14,05-08,Maternity,2
2026-01-14,05-17,ER,20
2026-01-14,05-17,ICU,6
2026-01-14,05-17,Maternity,6
2026-01-14,06-05,ER,13
2026-01-14,06-05,ICU,8
2026-01-14,06-05,Maternity,7
2026-01-14,07-10,ER,22
2026-01-14,07-10,ICU,9
2026-01-14,07-10,Maternity,4
2026-01-14,08-01,ER,24
2026-01-14,08-01,ICU,13
2026-01-14,08-01,Maternity,4
2026-01-14,PRIV06,ER,13
2026-01-14,PRIV06,ICU,7
2026-01-14,PRIV06,Maternity,7
2026-01-14,PRIV07,ER,23
2026-01-14,PRIV07,ICU,9
2026-01-14,PRIV07,Maternity,3
2026-01-14,PRIV08,ER,26
2026-01-14,PRIV08,ICU,11
2026-01-14,PRIV08,Maternity,4
2026-01-14,13-12,ER,17
2026-01-14,13-12,ICU,10
2026-01-14,13-12,Maternity,5
2026-01-14,14-07,ER,14
2026-01-14,14-07,ICU,10
2026-01-14,14-07,Maternity,5
2026-01-14,14-11,ER,15
2026-01-14,14-11,ICU,10
2026-01-14,14-11,Maternity,6
2026-01-14,01-22,ER,18
2026-01-14,01-22,ICU,14
2026-01-14,01-22,Maternity,5
2026-01-15,01-24,ER,19
2026-01-15,01-24,ICU,5
2026-01-15,01-24,Maternity,3
2026-01-15,01-23,ER,16
2026-01-15,01-23,ICU,11
2026-01-15,01-23,Maternity,3
2026-01-15,01-20,ER,24
2026-01-15,01-20,ICU,3
2026-01-15,01-20,Maternity,7
2026-01-15,01-02,ER,14
2026-01-15,01-02,ICU,4
2026-01-15,01-02,Maternity,5
2026-01-15,01-03,ER,17
2026-01-15,01-03,ICU,10
2026-01-15,01-03,Maternity,5
2026-01-15,01-21,ER,29
2026-01-15,01-21,ICU,13
2026-01-15,01-21,Maternity,8
2026-01-15,01-19,ER,16
2026-01-15,01-19,ICU,6
2026-01-15,01-19,Maternity,6
2026-01-15,PRIV01,ER,26
2026-01-15,PRIV01,ICU,7
2026-01-15,PRIV01,Maternity,5
2026-01-15,PRIV02,ER,18
2026-01-15,PRIV02,ICU,7
2026-01-15,PRIV02,Maternity,2
2026-01-15,PRIV03,ER,26
2026-01-15,PRIV03,ICU,9
2026-01-15,PRIV03,Maternity,3
2026-01-15,PRIV04,ER,12
2026-01-15,PRIV04,ICU,10
2026-01-15,PRIV04,Maternity,3
2026-01-15,PRIV05,ER,20
2026-01-15,PRIV05,ICU,13
2026-01-15,PRIV05,Maternity,6
2026-01-15,03-18,ER,17
2026-01-15,03-18,ICU,10
2026-01-15,03-18,Maternity,3
2026-01-15,04-16,ER,28
2026-01-15,04-16,ICU,12
2026-01-15,04-16,Maternity,8
2026-01-15,05-08,ER,21
2026-01-15,05-08,ICU,8
2026-01-15,05-08,Maternity,4
2026-01-15,05-17,ER,20
2026-01-15,05-17,ICU,6
2026-01-15,05-17,Maternity,4
2026-01-15,06-05,ER,27
2026-01-15,06-05,ICU,10
2026-01-15,06-05,Maternity,2
2026-01-15,07-10,ER,18
2026-01-15,07-10,ICU,7
2026-01-15,07-10,Maternity,4
2026-01-15,08-01,ER,13
2026-01-15,08-01,ICU,13
2026-01-15,08-01,Maternity,4
2026-01-15,PRIV06,ER,14
2026-01-15,PRIV06,ICU,7
2026-01-15,PRIV06,Maternity,5
2026-01-15,PRIV07,ER,14
2026-01-15,PRIV07,ICU,7
2026-01-15,PRIV07,Maternity,6
2026-01-15,PRIV08,ER,19
2026-01-15,PRIV08,ICU,11
2026-01-15,PRIV08,Maternity,3
2026-01-15,13-12,ER,16
2026-01-15,13-12,ICU,8
2026-01-15,13-12,Maternity,7
2026-01-15,14-07,ER,24
2026-01-15,14-07,ICU,13
2026-01-15,14-07,Maternity,8
2026-01-15,14-11,ER,18
2026-01-15,14-11,ICU,8
2026-01-15,14-11,Maternity,6
2026-01-15,01-22,ER,16
2026-01-15,01-22,ICU,11
2026-01-15,01-22,Maternity,6
2026-01-16,01-24,ER,13
2026-01-16,01-24,ICU,11
2026-01-16,01-24,Maternity,4
2026-01-16,01-23,ER,25
2026-01-16,01-23,ICU,9
2026-01-16,01-23,Maternity,7
2026-01-16,01-20,ER,12
2026-01-16,01-20,ICU,9
2026-01-16,01-20,Maternity,3
2026-01-16,01-02,ER,18
2026-01-16,01-02,ICU,9
2026-01-16,01-02,Maternity,8
2026-01-16,01-03,ER,14
2026-01-16,01-03,ICU,11
2026-01-16,01-03,Maternity,3
2026-01-16,01-21,ER,15
2026-01-16,01-21,ICU,9
2026-01-16,01-21,Maternity,6
2026-01-16,01-19,ER,17
2026-01-16,01-19,ICU,19
2026-01-16,01-19,Maternity,3
2026-01-16,PRIV01,ER,23
2026-01-16,PRIV01,ICU,12
2026-01-16,PRIV01,Maternity,3
2026-01-16,PRIV02,ER,17
2026-01-16,PRIV02,ICU,15
2026-01-16,PRIV02,Maternity,4
2026-01-16,PRIV03,ER,19
2026-01-16,PRIV03,ICU,6
2026-01-16,PRIV03,Maternity,9
2026-01-16,PRIV04,ER,23
2026-01-16,PRIV04,ICU,15
2026-01-16,PRIV04,Maternity,3
2026-01-16,PRIV05,ER,22
2026-01-16,PRIV05,ICU,6
2026-01-16,PRIV05,Maternity,2
2026-01-16,03-18,ER,14
2026-01-16,03-18,ICU,6
2026-01-16,03-18,Maternity,5
2026-01-16,04-16,ER,16
2026-01-16,04-16,ICU,15
2026-01-16,04-16,Maternity,5
2026-01-16,05-08,ER,16
2026-01-16,05-08,ICU,9
2026-01-16,05-08,Maternity,3
2026-01-16,05-17,ER,22
2026-01-16,05-17,ICU,4
2026-01-16,05-17,Maternity,2
2026-01-16,06-05,ER,24
2026-01-16,06-05,ICU,3
2026-01-16,06-05,Maternity,1
2026-01-16,07-10,ER,24
2026-01-16,07-10,ICU,7
2026-01-16,07-10,Maternity,2
2026-01-16,08-01,ER,18
2026-01-16,08-01,ICU,8
2026-01-16,08-01,Maternity,6
2026-01-16,PRIV06,ER,18
2026-01-16,PRIV06,ICU,14
2026-01-16,PRIV06,Maternity,6
2026-01-16,PRIV07,ER,22
2026-01-16,PRIV07,ICU,8
2026-01-16,PRIV07,Maternity,8
2026-01-16,PRIV08,ER,23
2026-01-16,PRIV08,ICU,6
2026-01-16,PRIV08,Maternity,7
2026-01-16,13-12,ER,25
2026-01-16,13-12,ICU,6
2026-01-16,13-12,Maternity,10
2026-01-16,14-07,ER,22
2026-01-16,14-07,ICU,6
2026-01-16,14-07,Maternity,6
2026-01-16,14-11,ER,14
2026-01-16,14-11,ICU,15
2026-01-16,14-11,Maternity,7
2026-01-16,01-22,ER,25
2026-01-16,01-22,ICU,11
2026-01-16,01-22,Maternity,1
2026-01-17,01-24,ER,27
2026-01-17,01-24,ICU,14
2026-01-17,01-24,Maternity,2
2026-01-17,01-23,ER,25
2026-01-17,01-23,ICU,8
2026-01-17,01-23,Maternity,2
2026-01-17,01-20,ER,18
2026-01-17,01-20,ICU,13
2026-01-17,01-20,Maternity,4
2026-01-17,01-02,ER,17
2026-01-17,01-02,ICU,13
2026-01-17,01-02,Maternity,3
2026-01-17,01-03,ER,16
2026-01-17,01-03,ICU,6
2026-01-17,01-03,Maternity,4
2026-01-17,01-21,ER,23
2026-01-17,01-21,ICU,10
2026-01-17,01-21,Maternity,4
2026-01-17,01-19,ER,22
2026-01-17,01-19,ICU,6
2026-01-17,01-19,Maternity,8
2026-01-17,PRIV01,ER,19
2026-01-17,PRIV01,ICU,8
2026-01-17,PRIV01,Maternity,9
2026-01-17,PRIV02,ER,16
2026-01-17,PRIV02,ICU,12
2026-01-17,PRIV02,Maternity,4
2026-01-17,PRIV03,ER,14
2026-01-17,PRIV03,ICU,10
2026-01-17,PRIV03,Maternity,1
2026-01-17,PRIV04,ER,16
2026-01-17,PRIV04,ICU,18
2026-01-17,PRIV04,Maternity,6
2026-01-17,PRIV05,ER,19
2026-01-17,PRIV05,ICU,10
2026-01-17,PRIV05,Maternity,4
2026-01-17,03-18,ER,14
2026-01-17,03-18,ICU,10
2026-01-17,03-18,Maternity,8
2026-01-17,04-16,ER,13
2026-01-17,04-16,ICU,8
2026-01-17,04-16,Maternity,3
2026-01-17,05-08,ER,19
2026-01-17,05-08,ICU,19
2026-01-17,05-08,Maternity,8
2026-01-17,05-17,ER,19
2026-01-17,05-17,ICU,9
2026-01-17,05-17,Maternity,5
2026-01-17,06-05,ER,13
2026-01-17,06-05,ICU,4
2026-01-17,06-05,Maternity,10
2026-01-17,07-10,ER,21
2026-01-17,07-10,ICU,7
2026-01-17,07-10,Maternity,6
2026-01-17,08-01,ER,35
2026-01-17,08-01,ICU,10
2026-01-17,08-01,Maternity,2
2026-01-17,PRIV06,ER,26
2026-01-17,PRIV06,ICU,13
2026-01-17,PRIV06,Maternity,6
2026-01-17,PRIV07,ER,26
2026-01-17,PRIV07,ICU,6
2026-01-17,PRIV07,Maternity,1
2026-01-17,PRIV08,ER,29
2026-01-17,PRIV08,ICU,3
2026-01-17,PRIV08,Maternity,6
2026-01-17,13-12,ER,22
2026-01-17,13-12,ICU,8
2026-01-17,13-12,Maternity,4
2026-01-17,14-07,ER,24
2026-01-17,14-07,ICU,8
2026-01-17,14-07,Maternity,8
2026-01-17,14-11,ER,11
2026-01-17,14-11,ICU,9
2026-01-17,14-11,Maternity,7
2026-01-17,01-22,ER,22
2026-01-17,01-22,ICU,6
2026-01-17,01-22,Maternity,9
2026-01-18,01-24,ER,13
2026-01-18,01-24,ICU,11
2026-01-18,01-24,Maternity,5
2026-01-18,01-23,ER,16
2026-01-18,01-23,ICU,9
2026-01-18,01-23,Maternity,2
2026-01-18,01-20,ER,27
2026-01-18,01-20,ICU,8
2026-01-18,01-20,Maternity,9
2026-01-18,01-02,ER,24
2026-01-18,01-02,ICU,8
2026-01-18,01-02,Maternity,3
2026-01-18,01-03,ER,24
2026-01-18,01-03,ICU,15
2026-01-18,01-03,Maternity,6
2026-01-18,01-21,ER,21
2026-01-18,01-21,ICU,10
2026-01-18,01-21,Maternity,3
2026-01-18,01-19,ER,25
2026-01-18,01-19,ICU,14
2026-01-18,01-19,Maternity,7
2026-01-18,PRIV01,ER,28
2026-01-18,PRIV01,ICU,10
2026-01-18,PRIV01,Maternity,3
2026-01-18,PRIV02,ER,28
2026-01-18,PRIV02,ICU,12
2026-01-18,PRIV02,Maternity,4
2026-01-18,PRIV03,ER,20
2026-01-18,PRIV03,ICU,13
2026-01-18,PRIV03,Maternity,7
2026-01-18,PRIV04,ER,12
2026-01-18,PRIV04,ICU,14
2026-01-18,PRIV04,Maternity,1
2026-01-18,PRIV05,ER,26
2026-01-18,PRIV05,ICU,9
2026-01-18,PRIV05,Maternity,1
2026-01-18,03-18,ER,21
2026-01-18,03-18,ICU,14
2026-01-18,03-18,Maternity,5
2026-01-18,04-16,ER,19
2026-01-18,04-16,ICU,11
2026-01-18,04-16,Maternity,2
2026-01-18,05-08,ER,21
2026-01-18,05-08,ICU,13
2026-01-18,05-08,Maternity,4
2026-01-18,05-17,ER,25
2026-01-18,05-17,ICU,9
2026-01-18,05-17,Maternity,5
2026-01-18,06-05,ER,20
2026-01-18,06-05,ICU,13
2026-01-18,06-05,Maternity,6
2026-01-18,07-10,ER,14
2026-01-18,07-10,ICU,10
2026-01-18,07-10,Maternity,7
2026-01-18,08-01,ER,30
2026-01-18,08-01,ICU,7
2026-01-18,08-01,Maternity,1
2026-01-18,PRIV06,ER,18
2026-01-18,PRIV06,ICU,7
2026-01-18,PRIV06,Maternity,3
2026-01-18,PRIV07,ER,16
2026-01-18,PRIV07,ICU,6
2026-01-18,PRIV07,Maternity,4
2026-01-18,PRIV08,ER,21
2026-01-18,PRIV08,ICU,14
2026-01-18,PRIV08,Maternity,4
2026-01-18,13-12,ER,20
2026-01-18,13-12,ICU,6
2026-01-18,13-12,Maternity,6
2026-01-18,14-07,ER,14
2026-01-18,14-07,ICU,20
2026-01-18,14-07,Maternity,5
2026-01-18,14-11,ER,27
2026-01-18,14-11,ICU,11
2026-01-18,14-11,Maternity,3
2026-01-18,01-22,ER,28
2026-01-18,01-22,ICU,13
2026-01-18,01-22,Maternity,7
2026-01-19,01-24,ER,22
2026-01-19,01-24,ICU,12
2026-01-19,01-24,Maternity,7
2026-01-19,01-23,ER,18
2026-01-19,01-23,ICU,8
2026-01-19,01-23,Maternity,4
2026-01-19,01-20,ER,28
2026-01-19,01-20,ICU,9
2026-01-19,01-20,Maternity,5
2026-01-19,01-02,ER,21
2026-01-19,01-02,ICU,8
2026-01-19,01-02,Maternity,3
2026-01-19,01-03,ER,28
2026-01-19,01-03,ICU,10
2026-01-19,01-03,Maternity,5
2026-01-19,01-21,ER,22
2026-01-19,01-21,ICU,11
2026-01-19,01-21,Maternity,3
2026-01-19,01-19,ER,10
2026-01-19,01-19,ICU,6
2026-01-19,01-19,Maternity,3
2026-01-19,PRIV01,ER,20
2026-01-19,PRIV01,ICU,13
2026-01-19,PRIV01,Maternity,7
2026-01-19,PRIV02,ER,23
2026-01-19,PRIV02,ICU,10
2026-01-19,PRIV02,Maternity,5
2026-01-19,PRIV03,ER,9
2026-01-19,PRIV03,ICU,8
2026-01-19,PRIV03,Maternity,6
2026-01-19,PRIV04,ER,23
2026-01-19,PRIV04,ICU,9
2026-01-19,PRIV04,Maternity,4
2026-01-19,PRIV05,ER,15
2026-01-19,PRIV05,ICU,9
2026-01-19,PRIV05,Maternity,7
2026-01-19,03-18,ER,17
2026-01-19,03-18,ICU,10
2026-01-19,03-18,Maternity,4
2026-01-19,04-16,ER,18
2026-01-19,04-16,ICU,7
2026-01-19,04-16,Maternity,8
2026-01-19,05-08,ER,14
2026-01-19,05-08,ICU,10
2026-01-19,05-08,Maternity,4
2026-01-19,05-17,ER,20
2026-01-19,05-17,ICU,12
2026-01-19,05-17,Maternity,3
2026-01-19,06-05,ER,25
2026-01-19,06-05,ICU,9
2026-01-19,06-05,Maternity,5
2026-01-19,07-10,ER,20
2026-01-19,07-10,ICU,10
2026-01-19,07-10,Maternity,1
2026-01-19,08-01,ER,10
2026-01-19,08-01,ICU,9
2026-01-19,08-01,Maternity,5
2026-01-19,PRIV06,ER,21
2026-01-19,PRIV06,ICU,8
2026-01-19,PRIV06,Maternity,4
2026-01-19,PRIV07,ER,18
2026-01-19,PRIV07,ICU,8
2026-01-19,PRIV07,Maternity,11
2026-01-19,PRIV08,ER,26
2026-01-19,PRIV08,ICU,18
2026-01-19,PRIV08,Maternity,6
2026-01-19,13-12,ER,22
2026-01-19,13-12,ICU,14
2026-01-19,13-12,Maternity,7
2026-01-19,14-07,ER,17
2026-01-19,14-07,ICU,6
2026-01-19,14-07,Maternity,8
2026-01-19,14-11,ER,19
2026-01-19,14-11,ICU,5
2026-01-19,14-11,Maternity,8
2026-01-19,01-22,ER,21
2026-01-19,01-22,ICU,6
2026-01-19,01-22,Maternity,4
2026-01-20,01-24,ER,12
2026-01-20,01-24,ICU,16
2026-01-20,01-24,Maternity,8
2026-01-20,01-23,ER,16
2026-01-20,01-23,ICU,11
2026-01-20,01-23,Maternity,2
2026-01-20,01-20,ER,16
2026-01-20,01-20,ICU,10
2026-01-20,01-20,Maternity,4
2026-01-20,01-02,ER,17
2026-01-20,01-02,ICU,13
2026-01-20,01-02,Maternity,4
2026-01-20,01-03,ER,21
2026-01-20,01-03,ICU,7
2026-01-20,01-03,Maternity,9
2026-01-20,01-21,ER,17
2026-01-20,01-21,ICU,7
2026-01-20,01-21,Maternity,5
2026-01-20,01-19,ER,21
2026-01-20,01-19,ICU,11
2026-01-20,01-19,Maternity,7
2026-01-20,PRIV01,ER,21
2026-01-20,PRIV01,ICU,9
2026-01-20,PRIV01,Maternity,8
2026-01-20,PRIV02,ER,24
2026-01-20,PRIV02,ICU,9
2026-01-20,PRIV02,Maternity,4
2026-01-20,PRIV03,ER,20
2026-01-20,PRIV03,ICU,9
2026-01-20,PRIV03,Maternity,5
2026-01-20,PRIV04,ER,17
2026-01-20,PRIV04,ICU,17
2026-01-20,PRIV04,Maternity,5
2026-01-20,PRIV05,ER,18
2026-01-20,PRIV05,ICU,14
2026-01-20,PRIV05,Maternity,3
2026-01-20,03-18,ER,15
2026-01-20,03-18,ICU,8
2026-01-20,03-18,Maternity,7
2026-01-20,04-16,ER,17
2026-01-20,04-16,ICU,6
2026-01-20,04-16,Maternity,7
2026-01-20,05-08,ER,19
2026-01-20,05-08,ICU,8
2026-01-20,05-08,Maternity,5
2026-01-20,05-17,ER,12
2026-01-20,05-17,ICU,7
2026-01-20,05-17,Maternity,5
2026-01-20,06-05,ER,21
2026-01-20,06-05,ICU,4
2026-01-20,06-05,Maternity,1
2026-01-20,07-10,ER,16
2026-01-20,07-10,ICU,13
2026-01-20,07-10,Maternity,9
2026-01-20,08-01,ER,21
2026-01-20,08-01,ICU,9
2026-01-20,08-01,Maternity,4
2026-01-20,PRIV06,ER,21
2026-01-20,PRIV06,ICU,12
2026-01-20,PRIV06,Maternity,4
2026-01-20,PRIV07,ER,30
2026-01-20,PRIV07,ICU,7
2026-01-20,PRIV07,Maternity,1
2026-01-20,PRIV08,ER,25
2026-01-20,PRIV08,ICU,8
2026-01-20,PRIV08,Maternity,5
2026-01-20,13-12,ER,23
2026-01-20,13-12,ICU,10
2026-01-20,13-12,Maternity,7
2026-01-20,14-07,ER,30
2026-01-20,14-07,ICU,9
2026-01-20,14-07,Maternity,2
2026-01-20,14-11,ER,22
2026-01-20,14-11,ICU,12
2026-01-20,14-11,Maternity,2
2026-01-20,01-22,ER,25
2026-01-20,01-22,ICU,10
2026-01-20,01-22,Maternity,7
2026-01-21,01-24,ER,21
2026-01-21,01-24,ICU,13
2026-01-21,01-24,Maternity,9
2026-01-21,01-23,ER,15
2026-01-21,01-23,ICU,10
2026-01-21,01-23,Maternity,6
2026-01-21,01-20,ER,23
2026-01-21,01-20,ICU,12
2026-01-21,01-20,Maternity,4
2026-01-21,01-02,ER,26
2026-01-21,01-02,ICU,11
2026-01-21,01-02,Maternity,5
2026-01-21,01-03,ER,21
2026-01-21,01-03,ICU,9
2026-01-21,01-03,Maternity,4
2026-01-21,01-21,ER,21
2026-01-21,01-21,ICU,15
2026-01-21,01-21,Maternity,6
2026-01-21,01-19,ER,20
2026-01-21,01-19,ICU,9
2026-01-21,01-19,Maternity,5
2026-01-21,PRIV01,ER,16
2026-01-21,PRIV01,ICU,11
2026-01-21,PRIV01,Maternity,11
2026-01-21,PRIV02,ER,21
2026-01-21,PRIV02,ICU,7
2026-01-21,PRIV02,Maternity,4
2026-01-21,PRIV03,ER,23
2026-01-21,PRIV03,ICU,8
2026-01-21,PRIV03,Maternity,5
2026-01-21,PRIV04,ER,22
2026-01-21,PRIV04,ICU,14
2026-01-21,PRIV04,Maternity,5
2026-01-21,PRIV05,ER,22
2026-01-21,PRIV05,ICU,6
2026-01-21,PRIV05,Maternity,6
2026-01-21,03-18,ER,30
2026-01-21,03-18,ICU,9
2026-01-21,03-18,Maternity,2
2026-01-21,04-16,ER,23
2026-01-21,04-16,ICU,13
2026-01-21,04-16,Maternity,3
2026-01-21,05-08,ER,16
2026-01-21,05-08,ICU,12
2026-01-21,05-08,Maternity,4
2026-01-21,05-17,ER,18
2026-01-21,05-17,ICU,14
2026-01-21,05-17,Maternity,7
2026-01-21,06-05,ER,20
2026-01-21,06-05,ICU,12
2026-01-21,06-05,Maternity,7
2026-01-21,07-10,ER,15
2026-01-21,07-10,ICU,4
2026-01-21,07-10,Maternity,5
2026-01-21,08-01,ER,15
2026-01-21,08-01,ICU,12
2026-01-21,08-01,Maternity,4
2026-01-21,PRIV06,ER,17
2026-01-21,PRIV06,ICU,11
2026-01-21,PRIV06,Maternity,4
2026-01-21,PRIV07,ER,20
2026-01-21,PRIV07,ICU,12
2026-01-21,PRIV07,Maternity,6
2026-01-21,PRIV08,ER,16
2026-01-21,PRIV08,ICU,20
2026-01-21,PRIV08,Maternity,8
2026-01-21,13-12,ER,22
2026-01-21,13-12,ICU,9
2026-01-21,13-12,Maternity,2
2026-01-21,14-07,ER,23
2026-01-21,14-07,ICU,11
2026-01-21,14-07,Maternity,6
2026-01-21,14-11,ER,14
2026-01-21,14-11,ICU,7
2026-01-21,14-11,Maternity,2
2026-01-21,01-22,ER,13
2026-01-21,01-22,ICU,4
2026-01-21,01-22,Maternity,3
2026-01-22,01-24,ER,14
2026-01-22,01-24,ICU,11
2026-01-22,01-24,Maternity,5
2026-01-22,01-23,ER,16
2026-01-22,01-23,ICU,13
2026-01-22,01-23,Maternity,4
2026-01-22,01-20,ER,21
2026-01-22,01-20,ICU,11
2026-01-22,01-20,Maternity,4
2026-01-22,01-02,ER,16
2026-01-22,01-02,ICU,7
2026-01-22,01-02,Maternity,3
2026-01-22,01-03,ER,15
2026-01-22,01-03,ICU,10
2026-01-22,01-03,Maternity,2
2026-01-22,01-21,ER,13
2026-01-22,01-21,ICU,7
2026-01-22,01-21,Maternity,10
2026-01-22,01-19,ER,19
2026-01-22,01-19,ICU,8
2026-01-22,01-19,Maternity,4
2026-01-22,PRIV01,ER,16
2026-01-22,PRIV01,ICU,10
2026-01-22,PRIV01,Maternity,7
2026-01-22,PRIV02,ER,19
2026-01-22,PRIV02,ICU,9
2026-01-22,PRIV02,Maternity,5
2026-01-22,PRIV03,ER,15
2026-01-22,PRIV03,ICU,10
2026-01-22,PRIV03,Maternity,7
2026-01-22,PRIV04,ER,10
2026-01-22,PRIV04,ICU,14
2026-01-22,PRIV04,Maternity,3
2026-01-22,PRIV05,ER,22
2026-01-22,PRIV05,ICU,7
2026-01-22,PRIV05,Maternity,8
2026-01-22,03-18,ER,21
2026-01-22,03-18,ICU,11
2026-01-22,03-18,Maternity,8
2026-01-22,04-16,ER,10
2026-01-22,04-16,ICU,12
2026-01-22,04-16,Maternity,10
2026-01-22,05-08,ER,19
2026-01-22,05-08,ICU,12
2026-01-22,05-08,Maternity,6
2026-01-22,05-17,ER,17
2026-01-22,05-17,ICU,9
2026-01-22,05-17,Maternity,4
2026-01-22,06-05,ER,22
2026-01-22,06-05,ICU,7
2026-01-22,06-05,Maternity,2
2026-01-22,07-10,ER,23
2026-01-22,07-10,ICU,9
2026-01-22,07-10,Maternity,2
2026-01-22,08-01,ER,16
2026-01-22,08-01,ICU,12
2026-01-22,08-01,Maternity,5
2026-01-22,PRIV06,ER,11
2026-01-22,PRIV06,ICU,6
2026-01-22,PRIV06,Maternity,3
2026-01-22,PRIV07,ER,11
2026-01-22,PRIV07,ICU,14
2026-01-22,PRIV07,Maternity,6
2026-01-22,PRIV08,ER,15
2026-01-22,PRIV08,ICU,8
2026-01-22,PRIV08,Maternity,6
2026-01-22,13-12,ER,27
2026-01-22,13-12,ICU,9
2026-01-22,13-12,Maternity,2
2026-01-22,14-07,ER,25
2026-01-22,14-07,ICU,15
2026-01-22,14-07,Maternity,6
2026-01-22,14-11,ER,22
2026-01-22,14-11,ICU,13
2026-01-22,14-11,Maternity,6
2026-01-22,01-22,ER,18
2026-01-22,01-22,ICU,9
2026-01-22,01-22,Maternity,6
2026-01-23,01-24,ER,22
2026-01-23,01-24,ICU,15
2026-01-23,01-24,Maternity,5
2026-01-23,01-23,ER,27
2026-01-23,01-23,ICU,9
2026-01-23,01-23,Maternity,4
2026-01-23,01-20,ER,13
2026-01-23,01-20,ICU,10
2026-01-23,01-20,Maternity,7
2026-01-23,01-02,ER,22
2026-01-23,01-02,ICU,10
2026-01-23,01-02,Maternity,6
2026-01-23,01-03,ER,15
2026-01-23,01-03,ICU,11
2026-01-23,01-03,Maternity,1
2026-01-23,01-21,ER,12
2026-01-23,01-21,ICU,8
2026-01-23,01-21,Maternity,5
2026-01-23,01-19,ER,21
2026-01-23,01-19,ICU,11
2026-01-23,01-19,Maternity,3
2026-01-23,PRIV01,ER,22
2026-01-23,PRIV01,ICU,9
2026-01-23,PRIV01,Maternity,4
2026-01-23,PRIV02,ER,17
2026-01-23,PRIV02,ICU,8
2026-01-23,PRIV02,Maternity,3
2026-01-23,PRIV03,ER,19
2026-01-23,PRIV03,ICU,3
2026-01-23,PRIV03,Maternity,4
2026-01-23,PRIV04,ER,20
2026-01-23,PRIV04,ICU,4
2026-01-23,PRIV04,Maternity,6
2026-01-23,PRIV05,ER,18
2026-01-23,PRIV05,ICU,12
2026-01-23,PRIV05,Maternity,6
2026-01-23,03-18,ER,21
2026-01-23,03-18,ICU,8
2026-01-23,03-18,Maternity,3
2026-01-23,04-16,ER,22
2026-01-23,04-16,ICU,7
2026-01-23,04-16,Maternity,5
2026-01-23,05-08,ER,18
2026-01-23,05-08,ICU,15
2026-01-23,05-08,Maternity,4
2026-01-23,05-17,ER,21
2026-01-23,05-17,ICU,8
2026-01-23,05-17,Maternity,4
2026-01-23,06-05,ER,10
2026-01-23,06-05,ICU,14
2026-01-23,06-05,Maternity,2
2026-01-23,07-10,ER,13
2026-01-23,07-10,ICU,10
2026-01-23,07-10,Maternity,3
2026-01-23,08-01,ER,16
2026-01-23,08-01,ICU,5
2026-01-23,08-01,Maternity,5
2026-01-23,PRIV06,ER,14
2026-01-23,PRIV06,ICU,10
2026-01-23,PRIV06,Maternity,3
2026-01-23,PRIV07,ER,15
2026-01-23,PRIV07,ICU,10
2026-01-23,PRIV07,Maternity,4
2026-01-23,PRIV08,ER,16
2026-01-23,PRIV08,ICU,20
2026-01-23,PRIV08,Maternity,7
2026-01-23,13-12,ER,20
2026-01-23,13-12,ICU,12
2026-01-23,13-12,Maternity,5
2026-01-23,14-07,ER,28
2026-01-23,14-07,ICU,10
2026-01-23,14-07,Maternity,6
2026-01-23,14-11,ER,14
2026-01-23,14-11,ICU,14
2026-01-23,14-11,Maternity,3
2026-01-23,01-22,ER,22
2026-01-23,01-22,ICU,10
2026-01-23,01-22,Maternity,7
2026-01-24,01-24,ER,21
2026-01-24,01-24,ICU,15
2026-01-24,01-24,Maternity,8
2026-01-24,01-23,ER,22
2026-01-24,01-23,ICU,10
2026-01-24,01-23,Maternity,2
2026-01-24,01-20,ER,16
2026-01-24,01-20,ICU,15
2026-01-24,01-20,Maternity,7
2026-01-24,01-02,ER,19
2026-01-24,01-02,ICU,8
2026-01-24,01-02,Maternity,6
2026-01-24,01-03,ER,13
2026-01-24,01-03,ICU,12
2026-01-24,01-03,Maternity,3
2026-01-24,01-21,ER,14
2026-01-24,01-21,ICU,6
2026-01-24,01-21,Maternity,7
2026-01-24,01-19,ER,17
2026-01-24,01-19,ICU,7
2026-01-24,01-19,Maternity,6
2026-01-24,PRIV01,ER,18
2026-01-24,PRIV01,ICU,7
2026-01-24,PRIV01,Maternity,8
2026-01-24,PRIV02,ER,22
2026-01-24,PRIV02,ICU,8
2026-01-24,PRIV02,Maternity,4
2026-01-24,PRIV03,ER,14
2026-01-24,PRIV03,ICU,9
2026-01-24,PRIV03,Maternity,6
2026-01-24,PRIV04,ER,25
2026-01-24,PRIV04,ICU,11
2026-01-24,PRIV04,Maternity,4
2026-01-24,PRIV05,ER,22
2026-01-24,PRIV05,ICU,8
2026-01-24,PRIV05,Maternity,6
2026-01-24,03-18,ER,24
2026-01-24,03-18,ICU,8
2026-01-24,03-18,Maternity,7
2026-01-24,04-16,ER,25
2026-01-24,04-16,ICU,12
2026-01-24,04-16,Maternity,4
2026-01-24,05-08,ER,14
2026-01-24,05-08,ICU,11
2026-01-24,05-08,Maternity,2
2026-01-24,05-17,ER,19
2026-01-24,05-17,ICU,10
2026-01-24,05-17,Maternity,8
2026-01-24,06-05,ER,14
2026-01-24,06-05,ICU,9
2026-01-24,06-05,Maternity,4
2026-01-24,07-10,ER,22
2026-01-24,07-10,ICU,7
2026-01-24,07-10,Maternity,7
2026-01-24,08-01,ER,26
2026-01-24,08-01,ICU,14
2026-01-24,08-01,Maternity,4
2026-01-24,PRIV06,ER,19
2026-01-24,PRIV06,ICU,18
2026-01-24,PRIV06,Maternity,2
2026-01-24,PRIV07,ER,23
2026-01-24,PRIV07,ICU,11
2026-01-24,PRIV07,Maternity,7
2026-01-24,PRIV08,ER,17
2026-01-24,PRIV08,ICU,7
2026-01-24,PRIV08,Maternity,5
2026-01-24,13-12,ER,23
2026-01-24,13-12,ICU,11
2026-01-24,13-12,Maternity,6
2026-01-24,14-07,ER,10
2026-01-24,14-07,ICU,13
2026-01-24,14-07,Maternity,1
2026-01-24,14-11,ER,27
2026-01-24,14-11,ICU,9
2026-01-24,14-11,Maternity,7
2026-01-24,01-22,ER,19
2026-01-24,01-22,ICU,7
2026-01-24,01-22,Maternity,3
2026-01-25,01-24,ER,19
2026-01-25,01-24,ICU,6
2026-01-25,01-24,Maternity,4
2026-01-25,01-23,ER,21
2026-01-25,01-23,ICU,8
2026-01-25,01-23,Maternity,13
2026-01-25,01-20,ER,23
2026-01-25,01-20,ICU,6
2026-01-25,01-20,Maternity,2
2026-01-25,01-02,ER,22
2026-01-25,01-02,ICU,12
2026-01-25,01-02,Maternity,2
2026-01-25,01-03,ER,19
2026-01-25,01-03,ICU,10
2026-01-25,01-03,Maternity,5
2026-01-25,01-21,ER,13
2026-01-25,01-21,ICU,12
2026-01-25,01-21,Maternity,2
2026-01-25,01-19,ER,18
2026-01-25,01-19,ICU,5
2026-01-25,01-19,Maternity,5
2026-01-25,PRIV01,ER,23
2026-01-25,PRIV01,ICU,11
2026-01-25,PRIV01,Maternity,6
2026-01-25,PRIV02,ER,18
2026-01-25,PRIV02,ICU,6
2026-01-25,PRIV02,Maternity,2
2026-01-25,PRIV03,ER,24
2026-01-25,PRIV03,ICU,7
2026-01-25,PRIV03,Maternity,4
2026-01-25,PRIV04,ER,17
2026-01-25,PRIV04,ICU,12
2026-01-25,PRIV04,Maternity,2
2026-01-25,PRIV05,ER,30
2026-01-25,PRIV05,ICU,9
2026-01-25,PRIV05,Maternity,4
2026-01-25,03-18,ER,10
2026-01-25,03-18,ICU,9
2026-01-25,03-18,Maternity,2
2026-01-25,04-16,ER,19
2026-01-25,04-16,ICU,12
2026-01-25,04-16,Maternity,1
2026-01-25,05-08,ER,20
2026-01-25,05-08,ICU,12
2026-01-25,05-08,Maternity,10
2026-01-25,05-17,ER,15
2026-01-25,05-17,ICU,12
2026-01-25,05-17,Maternity,0
2026-01-25,06-05,ER,15
2026-01-25,06-05,ICU,11
2026-01-25,06-05,Maternity,12
2026-01-25,07-10,ER,23
2026-01-25,07-10,ICU,8
2026-01-25,07-10,Maternity,6
2026-01-25,08-01,ER,22
2026-01-25,08-01,ICU,8
2026-01-25,08-01,Maternity,4
2026-01-25,PRIV06,ER,23
2026-01-25,PRIV06,ICU,11
2026-01-25,PRIV06,Maternity,4
2026-01-25,PRIV07,ER,25
2026-01-25,PRIV07,ICU,13
2026-01-25,PRIV07,Maternity,2
2026-01-25,PRIV08,ER,23
2026-01-25,PRIV08,ICU,7
2026-01-25,PRIV08,Maternity,4
2026-01-25,13-12,ER,24
2026-01-25,13-12,ICU,12
2026-01-25,13-12,Maternity,5
2026-01-25,14-07,ER,23
2026-01-25,14-07,ICU,9
2026-01-25,14-07,Maternity,7
2026-01-25,14-11,ER,17
2026-01-25,14-11,ICU,10
2026-01-25,14-11,Maternity,3
2026-01-25,01-22,ER,15
2026-01-25,01-22,ICU,6
2026-01-25,01-22,Maternity,3
2026-01-26,01-24,ER,18
2026-01-26,01-24,ICU,8
2026-01-26,01-24,Maternity,4
2026-01-26,01-23,ER,21
2026-01-26,01-23,ICU,6
2026-01-26,01-23,Maternity,2
2026-01-26,01-20,ER,20
2026-01-26,01-20,ICU,14
2026-01-26,01-20,Maternity,3
2026-01-26,01-02,ER,20
2026-01-26,01-02,ICU,14
2026-01-26,01-02,Maternity,4
2026-01-26,01-03,ER,15
2026-01-26,01-03,ICU,12
2026-01-26,01-03,Maternity,2
2026-01-26,01-21,ER,27
2026-01-26,01-21,ICU,18
2026-01-26,01-21,Maternity,5
2026-01-26,01-19,ER,23
2026-01-26,01-19,ICU,13
2026-01-26,01-19,Maternity,4
2026-01-26,PRIV01,ER,21
2026-01-26,PRIV01,ICU,5
2026-01-26,PRIV01,Maternity,8
2026-01-26,PRIV02,ER,19
2026-01-26,PRIV02,ICU,10
2026-01-26,PRIV02,Maternity,6
2026-01-26,PRIV03,ER,26
2026-01-26,PRIV03,ICU,10
2026-01-26,PRIV03,Maternity,5
2026-01-26,PRIV04,ER,16
2026-01-26,PRIV04,ICU,10
2026-01-26,PRIV04,Maternity,5
2026-01-26,PRIV05,ER,22
2026-01-26,PRIV05,ICU,13
2026-01-26,PRIV05,Maternity,4
2026-01-26,03-18,ER,9
2026-01-26,03-18,ICU,9
2026-01-26,03-18,Maternity,4
2026-01-26,04-16,ER,24
2026-01-26,04-16,ICU,12
2026-01-26,04-16,Maternity,4
2026-01-26,05-08,ER,23
2026-01-26,05-08,ICU,13
2026-01-26,05-08,Maternity,5
2026-01-26,05-17,ER,16
2026-01-26,05-17,ICU,11
2026-01-26,05-17,Maternity,2
2026-01-26,06-05,ER,12
2026-01-26,06-05,ICU,10
2026-01-26,06-05,Maternity,7
2026-01-26,07-10,ER,25
2026-01-26,07-10,ICU,9
2026-01-26,07-10,Maternity,4
2026-01-26,08-01,ER,22
2026-01-26,08-01,ICU,14
2026-01-26,08-01,Maternity,6
2026-01-26,PRIV06,ER,14
2026-01-26,PRIV06,ICU,10
2026-01-26,PRIV06,Maternity,6
2026-01-26,PRIV07,ER,21
2026-01-26,PRIV07,ICU,9
2026-01-26,PRIV07,Maternity,5
2026-01-26,PRIV08,ER,20
2026-01-26,PRIV08,ICU,6
2026-01-26,PRIV08,Maternity,3
2026-01-26,13-12,ER,15
2026-01-26,13-12,ICU,7
2026-01-26,13-12,Maternity,3
2026-01-26,14-07,ER,16
2026-01-26,14-07,ICU,11
2026-01-26,14-07,Maternity,7
2026-01-26,14-11,ER,13
2026-01-26,14-11,ICU,6
2026-01-26,14-11,Maternity,6
2026-01-26,01-22,ER,17
2026-01-26,01-22,ICU,5
2026-01-26,01-22,Maternity,5
2026-01-27,01-24,ER,19
2026-01-27,01-24,ICU,9
2026-01-27,01-24,Maternity,4
2026-01-27,01-23,ER,21
2026-01-27,01-23,ICU,11
2026-01-27,01-23,Maternity,3
2026-01-27,01-20,ER,18
2026-01-27,01-20,ICU,15
2026-01-27,01-20,Maternity,7
2026-01-27,01-02,ER,24
2026-01-27,01-02,ICU,7
2026-01-27,01-02,Maternity,5
2026-01-27,01-03,ER,30
2026-01-27,01-03,ICU,12
2026-01-27,01-03,Maternity,7
2026-01-27,01-21,ER,27
2026-01-27,01-21,ICU,11
2026-01-27,01-21,Maternity,4
2026-01-27,01-19,ER,24
2026-01-27,01-19,ICU,12
2026-01-27,01-19,Maternity,4
2026-01-27,PRIV01,ER,27
2026-01-27,PRIV01,ICU,11
2026-01-27,PRIV01,Maternity,4
2026-01-27,PRIV02,ER,21
2026-01-27,PRIV02,ICU,9
2026-01-27,PRIV02,Maternity,3
2026-01-27,PRIV03,ER,22
2026-01-27,PRIV03,ICU,13
2026-01-27,PRIV03,Maternity,7
2026-01-27,PRIV04,ER,8
2026-01-27,PRIV04,ICU,11
2026-01-27,PRIV04,Maternity,3
2026-01-27,PRIV05,ER,20
2026-01-27,PRIV05,ICU,13
2026-01-27,PRIV05,Maternity,2
2026-01-27,03-18,ER,22
2026-01-27,03-18,ICU,7
2026-01-27,03-18,Maternity,6
2026-01-27,04-16,ER,18
2026-01-27,04-16,ICU,10
2026-01-27,04-16,Maternity,5
2026-01-27,05-08,ER,14
2026-01-27,05-08,ICU,10
2026-01-27,05-08,Maternity,6
2026-01-27,05-17,ER,15
2026-01-27,05-17,ICU,5
2026-01-27,05-17,Maternity,4
2026-01-27,06-05,ER,13
2026-01-27,06-05,ICU,6
2026-01-27,06-05,Maternity,8
2026-01-27,07-10,ER,21
2026-01-27,07-10,ICU,5
2026-01-27,07-10,Maternity,3
2026-01-27,08-01,ER,17
2026-01-27,08-01,ICU,16
2026-01-27,08-01,Maternity,3
2026-01-27,PRIV06,ER,23
2026-01-27,PRIV06,ICU,10
2026-01-27,PRIV06,Maternity,4
2026-01-27,PRIV07,ER,18
2026-01-27,PRIV07,ICU,8
2026-01-27,PRIV07,Maternity,7
2026-01-27,PRIV08,ER,18
2026-01-27,PRIV08,ICU,14
2026-01-27,PRIV08,Maternity,1
2026-01-27,13-12,ER,19
2026-01-27,13-12,ICU,7
2026-01-27,13-12,Maternity,7
2026-01-27,14-07,ER,16
2026-01-27,14-07,ICU,4
2026-01-27,14-07,Maternity,6
2026-01-27,14-11,ER,25
2026-01-27,14-11,ICU,9
2026-01-27,14-11,Maternity,6
2026-01-27,01-22,ER,18
2026-01-27,01-22,ICU,10
2026-01-27,01-22,Maternity,5
2026-01-28,01-24,ER,20
2026-01-28,01-24,ICU,14
2026-01-28,01-24,Maternity,6
2026-01-28,01-23,ER,20
2026-01-28,01-23,ICU,10
2026-01-28,01-23,Maternity,3
2026-01-28,01-20,ER,22
2026-01-28,01-20,ICU,9
2026-01-28,01-20,Maternity,4
2026-01-28,01-02,ER,15
2026-01-28,01-02,ICU,9
2026-01-28,01-02,Maternity,5
2026-01-28,01-03,ER,17
2026-01-28,01-03,ICU,8
2026-01-28,01-03,Maternity,6
2026-01-28,01-21,ER,22
2026-01-28,01-21,ICU,9
2026-01-28,01-21,Maternity,7
2026-01-28,01-19,ER,26
2026-01-28,01-19,ICU,7
2026-01-28,01-19,Maternity,5
2026-01-28,PRIV01,ER,13
2026-01-28,PRIV01,ICU,9
2026-01-28,PRIV01,Maternity,5
2026-01-28,PRIV02,ER,32
2026-01-28,PRIV02,ICU,12
2026-01-28,PRIV02,Maternity,5
2026-01-28,PRIV03,ER,20
2026-01-28,PRIV03,ICU,9
2026-01-28,PRIV03,Maternity,3
2026-01-28,PRIV04,ER,22
2026-01-28,PRIV04,ICU,8
2026-01-28,PRIV04,Maternity,6
2026-01-28,PRIV05,ER,32
2026-01-28,PRIV05,ICU,11
2026-01-28,PRIV05,Maternity,6
2026-01-28,03-18,ER,14
2026-01-28,03-18,ICU,10
2026-01-28,03-18,Maternity,4
2026-01-28,04-16,ER,27
2026-01-28,04-16,ICU,12
2026-01-28,04-16,Maternity,4
2026-01-28,05-08,ER,18
2026-01-28,05-08,ICU,10
2026-01-28,05-08,Maternity,6
2026-01-28,05-17,ER,21
2026-01-28,05-17,ICU,10
2026-01-28,05-17,Maternity,5
2026-01-28,06-05,ER,29
2026-01-28,06-05,ICU,6
2026-01-28,06-05,Maternity,7
2026-01-28,07-10,ER,20
2026-01-28,07-10,ICU,9
2026-01-28,07-10,Maternity,7
2026-01-28,08-01,ER,16
2026-01-28,08-01,ICU,14
2026-01-28,08-01,Maternity,1
2026-01-28,PRIV06,ER,18
2026-01-28,PRIV06,ICU,12
2026-01-28,PRIV06,Maternity,7
2026-01-28,PRIV07,ER,22
2026-01-28,PRIV07,ICU,9
2026-01-28,PRIV07,Maternity,9
2026-01-28,PRIV08,ER,19
2026-01-28,PRIV08,ICU,7
2026-01-28,PRIV08,Maternity,6
2026-01-28,13-12,ER,19
2026-01-28,13-12,ICU,6
2026-01-28,13-12,Maternity,4
2026-01-28,14-07,ER,18
2026-01-28,14-07,ICU,6
2026-01-28,14-07,Maternity,5
2026-01-28,14-11,ER,19
2026-01-28,14-11,ICU,13
2026-01-28,14-11,Maternity,6
2026-01-28,01-22,ER,16
2026-01-28,01-22,ICU,11
2026-01-28,01-22,Maternity,7
2026-01-29,01-24,ER,21
2026-01-29,01-24,ICU,13
2026-01-29,01-24,Maternity,2
2026-01-29,01-23,ER,33
2026-01-29,01-23,ICU,9
2026-01-29,01-23,Maternity,5
2026-01-29,01-20,ER,22
2026-01-29,01-20,ICU,11
2026-01-29,01-20,Maternity,3
2026-01-29,01-02,ER,20
2026-01-29,01-02,ICU,12
2026-01-29,01-02,Maternity,3
2026-01-29,01-03,ER,14
2026-01-29,01-03,ICU,10
2026-01-29,01-03,Maternity,7
2026-01-29,01-21,ER,19
2026-01-29,01-21,ICU,10
2026-01-29,01-21,Maternity,4
2026-01-29,01-19,ER,23
2026-01-29,01-19,ICU,15
2026-01-29,01-19,Maternity,7
2026-01-29,PRIV01,ER,18
2026-01-29,PRIV01,ICU,15
2026-01-29,PRIV01,Maternity,1
2026-01-29,PRIV02,ER,17
2026-01-29,PRIV02,ICU,11
2026-01-29,PRIV02,Maternity,4
2026-01-29,PRIV03,ER,16
2026-01-29,PRIV03,ICU,6
2026-01-29,PRIV03,Maternity,9
2026-01-29,PRIV04,ER,27
2026-01-29,PRIV04,ICU,9
2026-01-29,PRIV04,Maternity,4
2026-01-29,PRIV05,ER,20
2026-01-29,PRIV05,ICU,7
2026-01-29,PRIV05,Maternity,11
2026-01-29,03-18,ER,17
2026-01-29,03-18,ICU,11
2026-01-29,03-18,Maternity,5
2026-01-29,04-16,ER,29
2026-01-29,04-16,ICU,14
2026-01-29,04-16,Maternity,4
2026-01-29,05-08,ER,20
2026-01-29,05-08,ICU,12
2026-01-29,05-08,Maternity,9
2026-01-29,05-17,ER,26
2026-01-29,05-17,ICU,13
2026-01-29,05-17,Maternity,3
2026-01-29,06-05,ER,20
2026-01-29,06-05,ICU,10
2026-01-29,06-05,Maternity,11
2026-01-29,07-10,ER,16
2026-01-29,07-10,ICU,13
2026-01-29,07-10,Maternity,6
2026-01-29,08-01,ER,18
2026-01-29,08-01,ICU,6
2026-01-29,08-01,Maternity,5
2026-01-29,PRIV06,ER,24
2026-01-29,PRIV06,ICU,12
2026-01-29,PRIV06,Maternity,3
2026-01-29,PRIV07,ER,19
2026-01-29,PRIV07,ICU,13
2026-01-29,PRIV07,Maternity,5
2026-01-29,PRIV08,ER,14
2026-01-29,PRIV08,ICU,7
2026-01-29,PRIV08,Maternity,6
2026-01-29,13-12,ER,22
2026-01-29,13-12,ICU,6
2026-01-29,13-12,Maternity,3
2026-01-29,14-07,ER,24
2026-01-29,14-07,ICU,14
2026-01-29,14-07,Maternity,2
2026-01-29,14-11,ER,18
2026-01-29,14-11,ICU,5
2026-01-29,14-11,Maternity,4
2026-01-29,01-22,ER,22
2026-01-29,01-22,ICU,8
2026-01-29,01-22,Maternity,1
2026-01-30,01-24,ER,30
2026-01-30,01-24,ICU,9
2026-01-30,01-24,Maternity,10
2026-01-30,01-23,ER,17
2026-01-30,01-23,ICU,10
2026-01-30,01-23,Maternity,7
2026-01-30,01-20,ER,26
2026-01-30,01-20,ICU,9
2026-01-30,01-20,Maternity,6
2026-01-30,01-02,ER,11
2026-01-30,01-02,ICU,13
2026-01-30,01-02,Maternity,5
2026-01-30,01-03,ER,17
2026-01-30,01-03,ICU,10
2026-01-30,01-03,Maternity,6
2026-01-30,01-21,ER,18
2026-01-30,01-21,ICU,8
2026-01-30,01-21,Maternity,4
2026-01-30,01-19,ER,28
2026-01-30,01-19,ICU,8
2026-01-30,01-19,Maternity,6
2026-01-30,PRIV01,ER,19
2026-01-30,PRIV01,ICU,11
2026-01-30,PRIV01,Maternity,3
2026-01-30,PRIV02,ER,20
2026-01-30,PRIV02,ICU,10
2026-01-30,PRIV02,Maternity,8
2026-01-30,PRIV03,ER,22
2026-01-30,PRIV03,ICU,13
2026-01-30,PRIV03,Maternity,8
2026-01-30,PRIV04,ER,16
2026-01-30,PRIV04,ICU,8
2026-01-30,PRIV04,Maternity,14
2026-01-30,PRIV05,ER,24
2026-01-30,PRIV05,ICU,7
2026-01-30,PRIV05,Maternity,8
2026-01-30,03-18,ER,23
2026-01-30,03-18,ICU,8
2026-01-30,03-18,Maternity,1
2026-01-30,04-16,ER,30
2026-01-30,04-16,ICU,10
2026-01-30,04-16,Maternity,5
2026-01-30,05-08,ER,21
2026-01-30,05-08,ICU,14
2026-01-30,05-08,Maternity,7
2026-01-30,05-17,ER,20
2026-01-30,05-17,ICU,12
2026-01-30,05-17,Maternity,8
2026-01-30,06-05,ER,11
2026-01-30,06-05,ICU,10
2026-01-30,06-05,Maternity,4
2026-01-30,07-10,ER,18
2026-01-30,07-10,ICU,11
2026-01-30,07-10,Maternity,3
2026-01-30,08-01,ER,24
2026-01-30,08-01,ICU,11
2026-01-30,08-01,Maternity,7
2026-01-30,PRIV06,ER,19
2026-01-30,PRIV06,ICU,8
2026-01-30,PRIV06,Maternity,5
2026-01-30,PRIV07,ER,17
2026-01-30,PRIV07,ICU,10
2026-01-30,PRIV07,Maternity,7
2026-01-30,PRIV08,ER,27
2026-01-30,PRIV08,ICU,14
2026-01-30,PRIV08,Maternity,8
2026-01-30,13-12,ER,16
2026-01-30,13-12,ICU,10
2026-01-30,13-12,Maternity,3
2026-01-30,14-07,ER,19
2026-01-30,14-07,ICU,10
2026-01-30,14-07,Maternity,7
2026-01-30,14-11,ER,21
2026-01-30,14-11,ICU,6
2026-01-30,14-11,Maternity,10
2026-01-30,01-22,ER,19
2026-01-30,01-22,ICU,12
2026-01-30,01-22,Maternity,4
2026-01-31,01-24,ER,24
2026-01-31,01-24,ICU,14
2026-01-31,01-24,Maternity,6
2026-01-31,01-23,ER,22
2026-01-31,01-23,ICU,10
2026-01-31,01-23,Maternity,8
2026-01-31,01-20,ER,22
2026-01-31,01-20,ICU,7
2026-01-31,01-20,Maternity,7
2026-01-31,01-02,ER,14
2026-01-31,01-02,ICU,9
2026-01-31,01-02,Maternity,1
2026-01-31,01-03,ER,14
2026-01-31,01-03,ICU,12
2026-01-31,01-03,Maternity,7
2026-01-31,01-21,ER,20
2026-01-31,01-21,ICU,10
2026-01-31,01-21,Maternity,4
2026-01-31,01-19,ER,20
2026-01-31,01-19,ICU,11
2026-01-31,01-19,Maternity,6
2026-01-31,PRIV01,ER,15
2026-01-31,PRIV01,ICU,9
2026-01-31,PRIV01,Maternity,7
2026-01-31,PRIV02,ER,19
2026-01-31,PRIV02,ICU,4
2026-01-31,PRIV02,Maternity,8
2026-01-31,PRIV03,ER,23
2026-01-31,PRIV03,ICU,8
2026-01-31,PRIV03,Maternity,2
2026-01-31,PRIV04,ER,27
2026-01-31,PRIV04,ICU,7
2026-01-31,PRIV04,Maternity,9
2026-01-31,PRIV05,ER,21
2026-01-31,PRIV05,ICU,13
2026-01-31,PRIV05,Maternity,3
2026-01-31,03-18,ER,24
2026-01-31,03-18,ICU,8
2026-01-31,03-18,Maternity,7
2026-01-31,04-16,ER,23
2026-01-31,04-16,ICU,9
2026-01-31,04-16,Maternity,5
2026-01-31,05-08,ER,14
2026-01-31,05-08,ICU,9
2026-01-31,05-08,Maternity,6
2026-01-31,05-17,ER,23
2026-01-31,05-17,ICU,10
2026-01-31,05-17,Maternity,6
2026-01-31,06-05,ER,21
2026-01-31,06-05,ICU,10
2026-01-31,06-05,Maternity,7
2026-01-31,07-10,ER,17
2026-01-31,07-10,ICU,7
2026-01-31,07-10,Maternity,6
2026-01-31,08-01,ER,24
2026-01-31,08-01,ICU,12
2026-01-31,08-01,Maternity,3
2026-01-31,PRIV06,ER,20
2026-01-31,PRIV06,ICU,9
2026-01-31,PRIV06,Maternity,2
2026-01-31,PRIV07,ER,17
2026-01-31,PRIV07,ICU,7
2026-01-31,PRIV07,Maternity,4
2026-01-31,PRIV08,ER,22
2026-01-31,PRIV08,ICU,9
2026-01-31,PRIV08,Maternity,5
2026-01-31,13-12,ER,15
2026-01-31,13-12,ICU,9
2026-01-31,13-12,Maternity,6
2026-01-31,14-07,ER,19
2026-01-31,14-07,ICU,11
2026-01-31,14-07,Maternity,3
2026-01-31,14-11,ER,20
2026-01-31,14-11,ICU,11
2026-01-31,14-11,Maternity,5
2026-01-31,01-22,ER,20
2026-01-31,01-22,ICU,15
2026-01-31,01-22,Maternity,9
2026-02-01,01-24,ER,29
2026-02-01,01-24,ICU,10
2026-02-01,01-24,Maternity,8
2026-02-01,01-23,ER,24
2026-02-01,01-23,ICU,14
2026-02-01,01-23,Maternity,4
2026-02-01,01-20,ER,27
2026-02-01,01-20,ICU,15
2026-02-01,01-20,Maternity,5
2026-02-01,01-02,ER,34
2026-02-01,01-02,ICU,10
2026-02-01,01-02,Maternity,9
2026-02-01,01-03,ER,24
2026-02-01,01-03,ICU,11
2026-02-01,01-03,Maternity,5
2026-02-01,01-21,ER,26
2026-02-01,01-21,ICU,20
2026-02-01,01-21,Maternity,9
2026-02-01,01-19,ER,20
2026-02-01,01-19,ICU,14
2026-02-01,01-19,Maternity,5
2026-02-01,PRIV01,ER,19
2026-02-01,PRIV01,ICU,16
2026-02-01,PRIV01,Maternity,6
2026-02-01,PRIV02,ER,34
2026-02-01,PRIV02,ICU,18
2026-02-01,PRIV02,Maternity,10
2026-02-01,PRIV03,ER,20
2026-02-01,PRIV03,ICU,10
2026-02-01,PRIV03,Maternity,9
2026-02-01,PRIV04,ER,16
2026-02-01,PRIV04,ICU,17
2026-02-01,PRIV04,Maternity,10
2026-02-01,PRIV05,ER,24
2026-02-01,PRIV05,ICU,10
2026-02-01,PRIV05,Maternity,8
2026-02-01,03-18,ER,21
2026-02-01,03-18,ICU,8
2026-02-01,03-18,Maternity,8
2026-02-01,04-16,ER,25
2026-02-01,04-16,ICU,7
2026-02-01,04-16,Maternity,3
2026-02-01,05-08,ER,22
2026-02-01,05-08,ICU,10
2026-02-01,05-08,Maternity,5
2026-02-01,05-17,ER,19
2026-02-01,05-17,ICU,14
2026-02-01,05-17,Maternity,11
2026-02-01,06-05,ER,28
2026-02-01,06-05,ICU,14
2026-02-01,06-05,Maternity,5
2026-02-01,07-10,ER,32
2026-02-01,07-10,ICU,12
2026-02-01,07-10,Maternity,8
2026-02-01,08-01,ER,32
2026-02-01,08-01,ICU,6
2026-02-01,08-01,Maternity,11
2026-02-01,PRIV06,ER,26
2026-02-01,PRIV06,ICU,10
2026-02-01,PRIV06,Maternity,7
2026-02-01,PRIV07,ER,31
2026-02-01,PRIV07,ICU,16
2026-02-01,PRIV07,Maternity,4
2026-02-01,PRIV08,ER,37
2026-02-01,PRIV08,ICU,11
2026-02-01,PRIV08,Maternity,6
2026-02-01,13-12,ER,31
2026-02-01,13-12,ICU,17
2026-02-01,13-12,Maternity,13
2026-02-01,14-07,ER,27
2026-02-01,14-07,ICU,13
2026-02-01,14-07,Maternity,7
2026-02-01,14-11,ER,21
2026-02-01,14-11,ICU,11
2026-02-01,14-11,Maternity,8
2026-02-01,01-22,ER,25
2026-02-01,01-22,ICU,10
2026-02-01,01-22,Maternity,10
2026-02-02,01-24,ER,29
2026-02-02,01-24,ICU,11
2026-02-02,01-24,Maternity,6
2026-02-02,01-23,ER,24
2026-02-02,01-23,ICU,15
2026-02-02,01-23,Maternity,4
2026-02-02,01-20,ER,30
2026-02-02,01-20,ICU,11
2026-02-02,01-20,Maternity,9
2026-02-02,01-02,ER,22
2026-02-02,01-02,ICU,11
2026-02-02,01-02,Maternity,10
2026-02-02,01-03,ER,30
2026-02-02,01-03,ICU,15
2026-02-02,01-03,Maternity,1
2026-02-02,01-21,ER,30
2026-02-02,01-21,ICU,14
2026-02-02,01-21,Maternity,11
2026-02-02,01-19,ER,31
2026-02-02,01-19,ICU,14
2026-02-02,01-19,Maternity,5
2026-02-02,PRIV01,ER,31
2026-02-02,PRIV01,ICU,10
2026-02-02,PRIV01,Maternity,7
2026-02-02,PRIV02,ER,29
2026-02-02,PRIV02,ICU,12
2026-02-02,PRIV02,Maternity,7
2026-02-02,PRIV03,ER,24
2026-02-02,PRIV03,ICU,11
2026-02-02,PRIV03,Maternity,7
2026-02-02,PRIV04,ER,29
2026-02-02,PRIV04,ICU,17
2026-02-02,PRIV04,Maternity,5
2026-02-02,PRIV05,ER,23
2026-02-02,PRIV05,ICU,10
2026-02-02,PRIV05,Maternity,3
2026-02-02,03-18,ER,23
2026-02-02,03-18,ICU,6
2026-02-02,03-18,Maternity,7
2026-02-02,04-16,ER,23
2026-02-02,04-16,ICU,16
2026-02-02,04-16,Maternity,3
2026-02-02,05-08,ER,19
2026-02-02,05-08,ICU,8
2026-02-02,05-08,Maternity,7
2026-02-02,05-17,ER,30
2026-02-02,05-17,ICU,9
2026-02-02,05-17,Maternity,4
2026-02-02,06-05,ER,29
2026-02-02,06-05,ICU,17
2026-02-02,06-05,Maternity,4
2026-02-02,07-10,ER,27
2026-02-02,07-10,ICU,10
2026-02-02,07-10,Maternity,9
2026-02-02,08-01,ER,21
2026-02-02,08-01,ICU,21
2026-02-02,08-01,Maternity,4
2026-02-02,PRIV06,ER,23
2026-02-02,PRIV06,ICU,14
2026-02-02,PRIV06,Maternity,7
2026-02-02,PRIV07,ER,25
2026-02-02,PRIV07,ICU,15
2026-02-02,PRIV07,Maternity,8
2026-02-02,PRIV08,ER,35
2026-02-02,PRIV08,ICU,14
2026-02-02,PRIV08,Maternity,5
2026-02-02,13-12,ER,30
2026-02-02,13-12,ICU,11
2026-02-02,13-12,Maternity,6
2026-02-02,14-07,ER,24
2026-02-02,14-07,ICU,14
2026-02-02,14-07,Maternity,3
2026-02-02,14-11,ER,26
2026-02-02,14-11,ICU,16
2026-02-02,14-11,Maternity,3
2026-02-02,01-22,ER,35
2026-02-02,01-22,ICU,11
2026-02-02,01-22,Maternity,8
2026-02-03,01-24,ER,16
2026-02-03,01-24,ICU,14
2026-02-03,01-24,Maternity,8
2026-02-03,01-23,ER,21
2026-02-03,01-23,ICU,16
2026-02-03,01-23,Maternity,6
2026-02-03,01-20,ER,20
2026-02-03,01-20,ICU,7
2026-02-03,01-20,Maternity,5
2026-02-03,01-02,ER,30
2026-02-03,01-02,ICU,15
2026-02-03,01-02,Maternity,6
2026-02-03,01-03,ER,35
2026-02-03,01-03,ICU,11
2026-02-03,01-03,Maternity,7
2026-02-03,01-21,ER,22
2026-02-03,01-21,ICU,19
2026-02-03,01-21,Maternity,7
2026-02-03,01-19,ER,22
2026-02-03,01-19,ICU,8
2026-02-03,01-19,Maternity,5
2026-02-03,PRIV01,ER,32
2026-02-03,PRIV01,ICU,21
2026-02-03,PRIV01,Maternity,12
2026-02-03,PRIV02,ER,30
2026-02-03,PRIV02,ICU,15
2026-02-03,PRIV02,Maternity,3
2026-02-03,PRIV03,ER,25
2026-02-03,PRIV03,ICU,8
2026-02-03,PRIV03,Maternity,7
2026-02-03,PRIV04,ER,28
2026-02-03,PRIV04,ICU,12
2026-02-03,PRIV04,Maternity,0
2026-02-03,PRIV05,ER,29
2026-02-03,PRIV05,ICU,12
2026-02-03,PRIV05,Maternity,8
2026-02-03,03-18,ER,27
2026-02-03,03-18,ICU,10
2026-02-03,03-18,Maternity,7
2026-02-03,04-16,ER,26
2026-02-03,04-16,ICU,17
2026-02-03,04-16,Maternity,7
2026-02-03,05-08,ER,28
2026-02-03,05-08,ICU,12
2026-02-03,05-08,Maternity,4
2026-02-03,05-17,ER,21
2026-02-03,05-17,ICU,20
2026-02-03,05-17,Maternity,8
2026-02-03,06-05,ER,31
2026-02-03,06-05,ICU,14
2026-02-03,06-05,Maternity,8
2026-02-03,07-10,ER,18
2026-02-03,07-10,ICU,12
2026-02-03,07-10,Maternity,5
2026-02-03,08-01,ER,36
2026-02-03,08-01,ICU,14
2026-02-03,08-01,Maternity,6
2026-02-03,PRIV06,ER,27
2026-02-03,PRIV06,ICU,14
2026-02-03,PRIV06,Maternity,4
2026-02-03,PRIV07,ER,23
2026-02-03,PRIV07,ICU,9
2026-02-03,PRIV07,Maternity,11
2026-02-03,PRIV08,ER,23
2026-02-03,PRIV08,ICU,16
2026-02-03,PRIV08,Maternity,4
2026-02-03,13-12,ER,25
2026-02-03,13-12,ICU,9
2026-02-03,13-12,Maternity,4
2026-02-03,14-07,ER,21
2026-02-03,14-07,ICU,18
2026-02-03,14-07,Maternity,7
2026-02-03,14-11,ER,31
2026-02-03,14-11,ICU,15
2026-02-03,14-11,Maternity,6
2026-02-03,01-22,ER,25
2026-02-03,01-22,ICU,13
2026-02-03,01-22,Maternity,5
2026-02-04,01-24,ER,24
2026-02-04,01-24,ICU,7
2026-02-04,01-24,Maternity,7
2026-02-04,01-23,ER,25
2026-02-04,01-23,ICU,15
2026-02-04,01-23,Maternity,8
2026-02-04,01-20,ER,24
2026-02-04,01-20,ICU,15
2026-02-04,01-20,Maternity,7
2026-02-04,01-02,ER,22
2026-02-04,01-02,ICU,14
2026-02-04,01-02,Maternity,8
2026-02-04,01-03,ER,26
2026-02-04,01-03,ICU,13
2026-02-04,01-03,Maternity,3
2026-02-04,01-21,ER,23
2026-02-04,01-21,ICU,9
2026-02-04,01-21,Maternity,8
2026-02-04,01-19,ER,20
2026-02-04,01-19,ICU,18
2026-02-04,01-19,Maternity,6
2026-02-04,PRIV01,ER,25
2026-02-04,PRIV01,ICU,16
2026-02-04,PRIV01,Maternity,8
2026-02-04,PRIV02,ER,31
2026-02-04,PRIV02,ICU,16
2026-02-04,PRIV02,Maternity,9
2026-02-04,PRIV03,ER,27
2026-02-04,PRIV03,ICU,20
2026-02-04,PRIV03,Maternity,6
2026-02-04,PRIV04,ER,29
2026-02-04,PRIV04,ICU,23
2026-02-04,PRIV04,Maternity,11
2026-02-04,PRIV05,ER,26
2026-02-04,PRIV05,ICU,13
2026-02-04,PRIV05,Maternity,10
2026-02-04,03-18,ER,30
2026-02-04,03-18,ICU,16
2026-02-04,03-18,Maternity,8
2026-02-04,04-16,ER,25
2026-02-04,04-16,ICU,6
2026-02-04,04-16,Maternity,5
2026-02-04,05-08,ER,30
2026-02-04,05-08,ICU,14
2026-02-04,05-08,Maternity,7
2026-02-04,05-17,ER,26
2026-02-04,05-17,ICU,11
2026-02-04,05-17,Maternity,2
2026-02-04,06-05,ER,30
2026-02-04,06-05,ICU,18
2026-02-04,06-05,Maternity,4
2026-02-04,07-10,ER,34
2026-02-04,07-10,ICU,12
2026-02-04,07-10,Maternity,4
2026-02-04,08-01,ER,23
2026-02-04,08-01,ICU,13
2026-02-04,08-01,Maternity,7
2026-02-04,PRIV06,ER,21
2026-02-04,PRIV06,ICU,13
2026-02-04,PRIV06,Maternity,5
2026-02-04,PRIV07,ER,18
2026-02-04,PRIV07,ICU,14
2026-02-04,PRIV07,Maternity,11
2026-02-04,PRIV08,ER,16
2026-02-04,PRIV08,ICU,10
2026-02-04,PRIV08,Maternity,6
2026-02-04,13-12,ER,28
2026-02-04,13-12,ICU,13
2026-02-04,13-12,Maternity,11
2026-02-04,14-07,ER,37
2026-02-04,14-07,ICU,11
2026-02-04,14-07,Maternity,4
2026-02-04,14-11,ER,18
2026-02-04,14-11,ICU,13
2026-02-04,14-11,Maternity,8
2026-02-04,01-22,ER,26
2026-02-04,01-22,ICU,11
2026-02-04,01-22,Maternity,13
2026-02-05,01-24,ER,22
2026-02-05,01-24,ICU,16
2026-02-05,01-24,Maternity,8
2026-02-05,01-23,ER,24
2026-02-05,01-23,ICU,13
2026-02-05,01-23,Maternity,9
2026-02-05,01-20,ER,24
2026-02-05,01-20,ICU,6
2026-02-05,01-20,Maternity,10
2026-02-05,01-02,ER,27
2026-02-05,01-02,ICU,8
2026-02-05,01-02,Maternity,10
2026-02-05,01-03,ER,22
2026-02-05,01-03,ICU,11
2026-02-05,01-03,Maternity,7
2026-02-05,01-21,ER,24
2026-02-05,01-21,ICU,17
2026-02-05,01-21,Maternity,12
2026-02-05,01-19,ER,26
2026-02-05,01-19,ICU,19
2026-02-05,01-19,Maternity,8
2026-02-05,PRIV01,ER,32
2026-02-05,PRIV01,ICU,12
2026-02-05,PRIV01,Maternity,12
2026-02-05,PRIV02,ER,25
2026-02-05,PRIV02,ICU,7
2026-02-05,PRIV02,Maternity,7
2026-02-05,PRIV03,ER,23
2026-02-05,PRIV03,ICU,10
2026-02-05,PRIV03,Maternity,8
2026-02-05,PRIV04,ER,24
2026-02-05,PRIV04,ICU,20
2026-02-05,PRIV04,Maternity,7
2026-02-05,PRIV05,ER,27
2026-02-05,PRIV05,ICU,21
2026-02-05,PRIV05,Maternity,5
2026-02-05,03-18,ER,25
2026-02-05,03-18,ICU,13
2026-02-05,03-18,Maternity,9
2026-02-05,04-16,ER,18
2026-02-05,04-16,ICU,10
2026-02-05,04-16,Maternity,5
2026-02-05,05-08,ER,24
2026-02-05,05-08,ICU,11
2026-02-05,05-08,Maternity,5
2026-02-05,05-17,ER,23
2026-02-05,05-17,ICU,11
2026-02-05,05-17,Maternity,9
2026-02-05,06-05,ER,20
2026-02-05,06-05,ICU,16
2026-02-05,06-05,Maternity,5
2026-02-05,07-10,ER,21
2026-02-05,07-10,ICU,12
2026-02-05,07-10,Maternity,5
2026-02-05,08-01,ER,22
2026-02-05,08-01,ICU,7
2026-02-05,08-01,Maternity,3
2026-02-05,PRIV06,ER,34
2026-02-05,PRIV06,ICU,13
2026-02-05,PRIV06,Maternity,7
2026-02-05,PRIV07,ER,26
2026-02-05,PRIV07,ICU,9
2026-02-05,PRIV07,Maternity,6
2026-02-05,PRIV08,ER,28
2026-02-05,PRIV08,ICU,14
2026-02-05,PRIV08,Maternity,5
2026-02-05,13-12,ER,33
2026-02-05,13-12,ICU,20
2026-02-05,13-12,Maternity,6
2026-02-05,14-07,ER,25
2026-02-05,14-07,ICU,16
2026-02-05,14-07,Maternity,11
2026-02-05,14-11,ER,21
2026-02-05,14-11,ICU,12
2026-02-05,14-11,Maternity,5
2026-02-05,01-22,ER,28
2026-02-05,01-22,ICU,13
2026-02-05,01-22,Maternity,5
2026-02-06,01-24,ER,28
2026-02-06,01-24,ICU,10
2026-02-06,01-24,Maternity,5
2026-02-06,01-23,ER,28
2026-02-06,01-23,ICU,14
2026-02-06,01-23,Maternity,10
2026-02-06,01-20,ER,23
2026-02-06,01-20,ICU,8
2026-02-06,01-20,Maternity,6
2026-02-06,01-02,ER,16
2026-02-06,01-02,ICU,15
2026-02-06,01-02,Maternity,8
2026-02-06,01-03,ER,25
2026-02-06,01-03,ICU,10
2026-02-06,01-03,Maternity,7
2026-02-06,01-21,ER,30
2026-02-06,01-21,ICU,11
2026-02-06,01-21,Maternity,9
2026-02-06,01-19,ER,28
2026-02-06,01-19,ICU,10
2026-02-06,01-19,Maternity,8
2026-02-06,PRIV01,ER,26
2026-02-06,PRIV01,ICU,13
2026-02-06,PRIV01,Maternity,5
2026-02-06,PRIV02,ER,26
2026-02-06,PRIV02,ICU,5
2026-02-06,PRIV02,Maternity,5
2026-02-06,PRIV03,ER,24
2026-02-06,PRIV03,ICU,18
2026-02-06,PRIV03,Maternity,5
2026-02-06,PRIV04,ER,20
2026-02-06,PRIV04,ICU,16
2026-02-06,PRIV04,Maternity,5
2026-02-06,PRIV05,ER,33
2026-02-06,PRIV05,ICU,13
2026-02-06,PRIV05,Maternity,8
2026-02-06,03-18,ER,20
2026-02-06,03-18,ICU,6
2026-02-06,03-18,Maternity,5
2026-02-06,04-16,ER,26
2026-02-06,04-16,ICU,10
2026-02-06,04-16,Maternity,11
2026-02-06,05-08,ER,32
2026-02-06,05-08,ICU,14
2026-02-06,05-08,Maternity,6
2026-02-06,05-17,ER,28
2026-02-06,05-17,ICU,9
2026-02-06,05-17,Maternity,9
2026-02-06,06-05,ER,16
2026-02-06,06-05,ICU,11
2026-02-06,06-05,Maternity,11
2026-02-06,07-10,ER,23
2026-02-06,07-10,ICU,13
2026-02-06,07-10,Maternity,2
2026-02-06,08-01,ER,20
2026-02-06,08-01,ICU,9
2026-02-06,08-01,Maternity,3
2026-02-06,PRIV06,ER,28
2026-02-06,PRIV06,ICU,10
2026-02-06,PRIV06,Maternity,7
2026-02-06,PRIV07,ER,28
2026-02-06,PRIV07,ICU,14
2026-02-06,PRIV07,Maternity,6
2026-02-06,PRIV08,ER,22
2026-02-06,PRIV08,ICU,12
2026-02-06,PRIV08,Maternity,4
2026-02-06,13-12,ER,20
2026-02-06,13-12,ICU,20
2026-02-06,13-12,Maternity,7
2026-02-06,14-07,ER,22
2026-02-06,14-07,ICU,13
2026-02-06,14-07,Maternity,14
2026-02-06,14-11,ER,17
2026-02-06,14-11,ICU,11
2026-02-06,14-11,Maternity,6
2026-02-06,01-22,ER,24
2026-02-06,01-22,ICU,9
2026-02-06,01-22,Maternity,5
2026-02-07,01-24,ER,41
2026-02-07,01-24,ICU,10
2026-02-07,01-24,Maternity,5
2026-02-07,01-23,ER,24
2026-02-07,01-23,ICU,15
2026-02-07,01-23,Maternity,8
2026-02-07,01-20,ER,24
2026-02-07,01-20,ICU,10
2026-02-07,01-20,Maternity,7
2026-02-07,01-02,ER,27
2026-02-07,01-02,ICU,12
2026-02-07,01-02,Maternity,9
2026-02-07,01-03,ER,32
2026-02-07,01-03,ICU,6
2026-02-07,01-03,Maternity,5
2026-02-07,01-21,ER,20
2026-02-07,01-21,ICU,12
2026-02-07,01-21,Maternity,7
2026-02-07,01-19,ER,34
2026-02-07,01-19,ICU,13
2026-02-07,01-19,Maternity,8
2026-02-07,PRIV01,ER,22
2026-02-07,PRIV01,ICU,12
2026-02-07,PRIV01,Maternity,6
2026-02-07,PRIV02,ER,28
2026-02-07,PRIV02,ICU,10
2026-02-07,PRIV02,Maternity,6
2026-02-07,PRIV03,ER,24
2026-02-07,PRIV03,ICU,16
2026-02-07,PRIV03,Maternity,7
2026-02-07,PRIV04,ER,29
2026-02-07,PRIV04,ICU,8
2026-02-07,PRIV04,Maternity,3
2026-02-07,PRIV05,ER,26
2026-02-07,PRIV05,ICU,13
2026-02-07,PRIV05,Maternity,9
2026-02-07,03-18,ER,18
2026-02-07,03-18,ICU,11
2026-02-07,03-18,Maternity,6
2026-02-07,04-16,ER,26
2026-02-07,04-16,ICU,14
2026-02-07,04-16,Maternity,2
2026-02-07,05-08,ER,28
2026-02-07,05-08,ICU,16
2026-02-07,05-08,Maternity,7
2026-02-07,05-17,ER,23
2026-02-07,05-17,ICU,8
2026-02-07,05-17,Maternity,11
2026-02-07,06-05,ER,32
2026-02-07,06-05,ICU,14
2026-02-07,06-05,Maternity,2
2026-02-07,07-10,ER,31
2026-02-07,07-10,ICU,15
2026-02-07,07-10,Maternity,7
2026-02-07,08-01,ER,20
2026-02-07,08-01,ICU,13
2026-02-07,08-01,Maternity,8
2026-02-07,PRIV06,ER,24
2026-02-07,PRIV06,ICU,17
2026-02-07,PRIV06,Maternity,5
2026-02-07,PRIV07,ER,21
2026-02-07,PRIV07,ICU,15
2026-02-07,PRIV07,Maternity,5
2026-02-07,PRIV08,ER,24
2026-02-07,PRIV08,ICU,16
2026-02-07,PRIV08,Maternity,5
2026-02-07,13-12,ER,22
2026-02-07,13-12,ICU,15
2026-02-07,13-12,Maternity,7
2026-02-07,14-07,ER,20
2026-02-07,14-07,ICU,14
2026-02-07,14-07,Maternity,4
2026-02-07,14-11,ER,25
2026-02-07,14-11,ICU,10
2026-02-07,14-11,Maternity,5
2026-02-07,01-22,ER,29
2026-02-07,01-22,ICU,17
2026-02-07,01-22,Maternity,4
2026-02-08,01-24,ER,24
2026-02-08,01-24,ICU,13
2026-02-08,01-24,Maternity,8
2026-02-08,01-23,ER,24
2026-02-08,01-23,ICU,12
2026-02-08,01-23,Maternity,12
2026-02-08,01-20,ER,30
2026-02-08,01-20,ICU,14
2026-02-08,01-20,Maternity,10
2026-02-08,01-02,ER,30
2026-02-08,01-02,ICU,17
2026-02-08,01-02,Maternity,5
2026-02-08,01-03,ER,24
2026-02-08,01-03,ICU,7
2026-02-08,01-03,Maternity,6
2026-02-08,01-21,ER,16
2026-02-08,01-21,ICU,14
2026-02-08,01-21,Maternity,7
2026-02-08,01-19,ER,33
2026-02-08,01-19,ICU,15
2026-02-08,01-19,Maternity,8
2026-02-08,PRIV01,ER,26
2026-02-08,PRIV01,ICU,17
2026-02-08,PRIV01,Maternity,9
2026-02-08,PRIV02,ER,30
2026-02-08,PRIV02,ICU,11
2026-02-08,PRIV02,Maternity,9
2026-02-08,PRIV03,ER,23
2026-02-08,PRIV03,ICU,16
2026-02-08,PRIV03,Maternity,5
2026-02-08,PRIV04,ER,22
2026-02-08,PRIV04,ICU,13
2026-02-08,PRIV04,Maternity,5
2026-02-08,PRIV05,ER,22
2026-02-08,PRIV05,ICU,10
2026-02-08,PRIV05,Maternity,8
2026-02-08,03-18,ER,20
2026-02-08,03-18,ICU,11
2026-02-08,03-18,Maternity,4
2026-02-08,04-16,ER,28
2026-02-08,04-16,ICU,15
2026-02-08,04-16,Maternity,9
2026-02-08,05-08,ER,28
2026-02-08,05-08,ICU,14
2026-02-08,05-08,Maternity,7
2026-02-08,05-17,ER,22
2026-02-08,05-17,ICU,11
2026-02-08,05-17,Maternity,2
2026-02-08,06-05,ER,27
2026-02-08,06-05,ICU,12
2026-02-08,06-05,Maternity,10
2026-02-08,07-10,ER,23
2026-02-08,07-10,ICU,12
2026-02-08,07-10,Maternity,5
2026-02-08,08-01,ER,23
2026-02-08,08-01,ICU,11
2026-02-08,08-01,Maternity,6
2026-02-08,PRIV06,ER,32
2026-02-08,PRIV06,ICU,9
2026-02-08,PRIV06,Maternity,5
2026-02-08,PRIV07,ER,27
2026-02-08,PRIV07,ICU,15
2026-02-08,PRIV07,Maternity,5
2026-02-08,PRIV08,ER,36
2026-02-08,PRIV08,ICU,11
2026-02-08,PRIV08,Maternity,8
2026-02-08,13-12,ER,33
2026-02-08,13-12,ICU,18
2026-02-08,13-12,Maternity,6
2026-02-08,14-07,ER,23
2026-02-08,14-07,ICU,10
2026-02-08,14-07,Maternity,8
2026-02-08,14-11,ER,23
2026-02-08,14-11,ICU,17
2026-02-08,14-11,Maternity,9
2026-02-08,01-22,ER,29
2026-02-08,01-22,ICU,11
2026-02-08,01-22,Maternity,6
2026-02-09,01-24,ER,25
2026-02-09,01-24,ICU,12
2026-02-09,01-24,Maternity,8
2026-02-09,01-23,ER,25
2026-02-09,01-23,ICU,13
2026-02-09,01-23,Maternity,5
2026-02-09,01-20,ER,35
2026-02-09,01-20,ICU,11
2026-02-09,01-20,Maternity,8
2026-02-09,01-02,ER,16
2026-02-09,01-02,ICU,12
2026-02-09,01-02,Maternity,3
2026-02-09,01-03,ER,27
2026-02-09,01-03,ICU,16
2026-02-09,01-03,Maternity,5
2026-02-09,01-21,ER,27
2026-02-09,01-21,ICU,8
2026-02-09,01-21,Maternity,8
2026-02-09,01-19,ER,34
2026-02-09,01-19,ICU,23
2026-02-09,01-19,Maternity,7
2026-02-09,PRIV01,ER,29
2026-02-09,PRIV01,ICU,17
2026-02-09,PRIV01,Maternity,5
2026-02-09,PRIV02,ER,19
2026-02-09,PRIV02,ICU,10
2026-02-09,PRIV02,Maternity,8
2026-02-09,PRIV03,ER,27
2026-02-09,PRIV03,ICU,16
2026-02-09,PRIV03,Maternity,6
2026-02-09,PRIV04,ER,26
2026-02-09,PRIV04,ICU,18
2026-02-09,PRIV04,Maternity,8
2026-02-09,PRIV05,ER,33
2026-02-09,PRIV05,ICU,11
2026-02-09,PRIV05,Maternity,6
2026-02-09,03-18,ER,25
2026-02-09,03-18,ICU,16
2026-02-09,03-18,Maternity,7
2026-02-09,04-16,ER,24
2026-02-09,04-16,ICU,12
2026-02-09,04-16,Maternity,5
2026-02-09,05-08,ER,36
2026-02-09,05-08,ICU,16
2026-02-09,05-08,Maternity,2
2026-02-09,05-17,ER,39
2026-02-09,05-17,ICU,8
2026-02-09,05-17,Maternity,6
2026-02-09,06-05,ER,23
2026-02-09,06-05,ICU,11
2026-02-09,06-05,Maternity,13
2026-02-09,07-10,ER,21
2026-02-09,07-10,ICU,15
2026-02-09,07-10,Maternity,6
2026-02-09,08-01,ER,32
2026-02-09,08-01,ICU,17
2026-02-09,08-01,Maternity,8
2026-02-09,PRIV06,ER,27
2026-02-09,PRIV06,ICU,16
2026-02-09,PRIV06,Maternity,3
2026-02-09,PRIV07,ER,29
2026-02-09,PRIV07,ICU,13
2026-02-09,PRIV07,Maternity,6
2026-02-09,PRIV08,ER,23
2026-02-09,PRIV08,ICU,11
2026-02-09,PRIV08,Maternity,8
2026-02-09,13-12,ER,20
2026-02-09,13-12,ICU,10
2026-02-09,13-12,Maternity,6
2026-02-09,14-07,ER,34
2026-02-09,14-07,ICU,15
2026-02-09,14-07,Maternity,6
2026-02-09,14-11,ER,15
2026-02-09,14-11,ICU,13
2026-02-09,14-11,Maternity,4
2026-02-09,01-22,ER,26
2026-02-09,01-22,ICU,8
2026-02-09,01-22,Maternity,6
2026-02-10,01-24,ER,33
2026-02-10,01-24,ICU,15
2026-02-10,01-24,Maternity,6
2026-02-10,01-23,ER,32
2026-02-10,01-23,ICU,13
2026-02-10,01-23,Maternity,13
2026-02-10,01-20,ER,33
2026-02-10,01-20,ICU,16
2026-02-10,01-20,Maternity,8
2026-02-10,01-02,ER,22
2026-02-10,01-02,ICU,15
2026-02-10,01-02,Maternity,5
2026-02-10,01-03,ER,28
2026-02-10,01-03,ICU,17
2026-02-10,01-03,Maternity,9
2026-02-10,01-21,ER,31
2026-02-10,01-21,ICU,7
2026-02-10,01-21,Maternity,5
2026-02-10,01-19,ER,25
2026-02-10,01-19,ICU,11
2026-02-10,01-19,Maternity,3
2026-02-10,PRIV01,ER,25
2026-02-10,PRIV01,ICU,9
2026-02-10,PRIV01,Maternity,4
2026-02-10,PRIV02,ER,25
2026-02-10,PRIV02,ICU,19
2026-02-10,PRIV02,Maternity,4
2026-02-10,PRIV03,ER,26
2026-02-10,PRIV03,ICU,15
2026-02-10,PRIV03,Maternity,11
2026-02-10,PRIV04,ER,29
2026-02-10,PRIV04,ICU,9
2026-02-10,PRIV04,Maternity,8
2026-02-10,PRIV05,ER,24
2026-02-10,PRIV05,ICU,13
2026-02-10,PRIV05,Maternity,7
2026-02-10,03-18,ER,23
2026-02-10,03-18,ICU,10
2026-02-10,03-18,Maternity,9
2026-02-10,04-16,ER,26
2026-02-10,04-16,ICU,11
2026-02-10,04-16,Maternity,7
2026-02-10,05-08,ER,28
2026-02-10,05-08,ICU,9
2026-02-10,05-08,Maternity,7
2026-02-10,05-17,ER,20
2026-02-10,05-17,ICU,13
2026-02-10,05-17,Maternity,7
2026-02-10,06-05,ER,17
2026-02-10,06-05,ICU,6
2026-02-10,06-05,Maternity,7
2026-02-10,07-10,ER,22
2026-02-10,07-10,ICU,8
2026-02-10,07-10,Maternity,14
2026-02-10,08-01,ER,27
2026-02-10,08-01,ICU,12
2026-02-10,08-01,Maternity,4
2026-02-10,PRIV06,ER,26
2026-02-10,PRIV06,ICU,12
2026-02-10,PRIV06,Maternity,10
2026-02-10,PRIV07,ER,26
2026-02-10,PRIV07,ICU,9
2026-02-10,PRIV07,Maternity,4
2026-02-10,PRIV08,ER,32
2026-02-10,PRIV08,ICU,13
2026-02-10,PRIV08,Maternity,14
2026-02-10,13-12,ER,26
2026-02-10,13-12,ICU,17
2026-02-10,13-12,Maternity,8
2026-02-10,14-07,ER,26
2026-02-10,14-07,ICU,16
2026-02-10,14-07,Maternity,4
2026-02-10,14-11,ER,17
2026-02-10,14-11,ICU,4
2026-02-10,14-11,Maternity,8
2026-02-10,01-22,ER,19
2026-02-10,01-22,ICU,15
2026-02-10,01-22,Maternity,4
2026-02-11,01-24,ER,31
2026-02-11,01-24,ICU,18
2026-02-11,01-24,Maternity,7
2026-02-11,01-23,ER,15
2026-02-11,01-23,ICU,20
2026-02-11,01-23,Maternity,8
2026-02-11,01-20,ER,30
2026-02-11,01-20,ICU,10
2026-02-11,01-20,Maternity,6
2026-02-11,01-02,ER,40
2026-02-11,01-02,ICU,15
2026-02-11,01-02,Maternity,12
2026-02-11,01-03,ER,25
2026-02-11,01-03,ICU,12
2026-02-11,01-03,Maternity,6
2026-02-11,01-21,ER,27
2026-02-11,01-21,ICU,11
2026-02-11,01-21,Maternity,10
2026-02-11,01-19,ER,28
2026-02-11,01-19,ICU,14
2026-02-11,01-19,Maternity,10
2026-02-11,PRIV01,ER,26
2026-02-11,PRIV01,ICU,15
2026-02-11,PRIV01,Maternity,4
2026-02-11,PRIV02,ER,21
2026-02-11,PRIV02,ICU,13
2026-02-11,PRIV02,Maternity,11
2026-02-11,PRIV03,ER,24
2026-02-11,PRIV03,ICU,6
2026-02-11,PRIV03,Maternity,9
2026-02-11,PRIV04,ER,20
2026-02-11,PRIV04,ICU,20
2026-02-11,PRIV04,Maternity,5
2026-02-11,PRIV05,ER,30
2026-02-11,PRIV05,ICU,14
2026-02-11,PRIV05,Maternity,8
2026-02-11,03-18,ER,32
2026-02-11,03-18,ICU,10
2026-02-11,03-18,Maternity,2
2026-02-11,04-16,ER,30
2026-02-11,04-16,ICU,18
2026-02-11,04-16,Maternity,9
2026-02-11,05-08,ER,26
2026-02-11,05-08,ICU,13
2026-02-11,05-08,Maternity,13
2026-02-11,05-17,ER,22
2026-02-11,05-17,ICU,19
2026-02-11,05-17,Maternity,8
2026-02-11,06-05,ER,31
2026-02-11,06-05,ICU,12
2026-02-11,06-05,Maternity,4
2026-02-11,07-10,ER,27
2026-02-11,07-10,ICU,12
2026-02-11,07-10,Maternity,2
2026-02-11,08-01,ER,17
2026-02-11,08-01,ICU,16
2026-02-11,08-01,Maternity,9
2026-02-11,PRIV06,ER,25
2026-02-11,PRIV06,ICU,11
2026-02-11,PRIV06,Maternity,12
2026-02-11,PRIV07,ER,26
2026-02-11,PRIV07,ICU,12
2026-02-11,PRIV07,Maternity,10
2026-02-11,PRIV08,ER,28
2026-02-11,PRIV08,ICU,13
2026-02-11,PRIV08,Maternity,9
2026-02-11,13-12,ER,14
2026-02-11,13-12,ICU,12
2026-02-11,13-12,Maternity,7
2026-02-11,14-07,ER,20
2026-02-11,14-07,ICU,9
2026-02-11,14-07,Maternity,7
2026-02-11,14-11,ER,26
2026-02-11,14-11,ICU,11
2026-02-11,14-11,Maternity,6
2026-02-11,01-22,ER,28
2026-02-11,01-22,ICU,13
2026-02-11,01-22,Maternity,7
2026-02-12,01-24,ER,19
2026-02-12,01-24,ICU,9
2026-02-12,01-24,Maternity,5
2026-02-12,01-23,ER,24
2026-02-12,01-23,ICU,15
2026-02-12,01-23,Maternity,11
2026-02-12,01-20,ER,23
2026-02-12,01-20,ICU,7
2026-02-12,01-20,Maternity,10
2026-02-12,01-02,ER,32
2026-02-12,01-02,ICU,14
2026-02-12,01-02,Maternity,5
2026-02-12,01-03,ER,27
2026-02-12,01-03,ICU,13
2026-02-12,01-03,Maternity,12
2026-02-12,01-21,ER,22
2026-02-12,01-21,ICU,13
2026-02-12,01-21,Maternity,8
2026-02-12,01-19,ER,15
2026-02-12,01-19,ICU,12
2026-02-12,01-19,Maternity,5
2026-02-12,PRIV01,ER,25
2026-02-12,PRIV01,ICU,10
2026-02-12,PRIV01,Maternity,9
2026-02-12,PRIV02,ER,25
2026-02-12,PRIV02,ICU,12
2026-02-12,PRIV02,Maternity,8
2026-02-12,PRIV03,ER,28
2026-02-12,PRIV03,ICU,9
2026-02-12,PRIV03,Maternity,5
2026-02-12,PRIV04,ER,25
2026-02-12,PRIV04,ICU,15
2026-02-12,PRIV04,Maternity,2
2026-02-12,PRIV05,ER,31
2026-02-12,PRIV05,ICU,13
2026-02-12,PRIV05,Maternity,8
2026-02-12,03-18,ER,23
2026-02-12,03-18,ICU,12
2026-02-12,03-18,Maternity,8
2026-02-12,04-16,ER,28
2026-02-12,04-16,ICU,12
2026-02-12,04-16,Maternity,5
2026-02-12,05-08,ER,37
2026-02-12,05-08,ICU,14
2026-02-12,05-08,Maternity,12
2026-02-12,05-17,ER,16
2026-02-12,05-17,ICU,14
2026-02-12,05-17,Maternity,7
2026-02-12,06-05,ER,31
2026-02-12,06-05,ICU,7
2026-02-12,06-05,Maternity,8
2026-02-12,07-10,ER,39
2026-02-12,07-10,ICU,15
2026-02-12,07-10,Maternity,9
2026-02-12,08-01,ER,22
2026-02-12,08-01,ICU,15
2026-02-12,08-01,Maternity,1
2026-02-12,PRIV06,ER,12
2026-02-12,PRIV06,ICU,13
2026-02-12,PRIV06,Maternity,7
2026-02-12,PRIV07,ER,27
2026-02-12,PRIV07,ICU,12
2026-02-12,PRIV07,Maternity,14
2026-02-12,PRIV08,ER,27
2026-02-12,PRIV08,ICU,15
2026-02-12,PRIV08,Maternity,8
2026-02-12,13-12,ER,31
2026-02-12,13-12,ICU,13
2026-02-12,13-12,Maternity,14
2026-02-12,14-07,ER,28
2026-02-12,14-07,ICU,13
2026-02-12,14-07,Maternity,5
2026-02-12,14-11,ER,27
2026-02-12,14-11,ICU,12
2026-02-12,14-11,Maternity,8
2026-02-12,01-22,ER,30
2026-02-12,01-22,ICU,11
2026-02-12,01-22,Maternity,5
2026-02-13,01-24,ER,31
2026-02-13,01-24,ICU,9
2026-02-13,01-24,Maternity,5
2026-02-13,01-23,ER,37
2026-02-13,01-23,ICU,7
2026-02-13,01-23,Maternity,10
2026-02-13,01-20,ER,22
2026-02-13,01-20,ICU,14
2026-02-13,01-20,Maternity,10
2026-02-13,01-02,ER,24
2026-02-13,01-02,ICU,14
2026-02-13,01-02,Maternity,7
2026-02-13,01-03,ER,29
2026-02-13,01-03,ICU,12
2026-02-13,01-03,Maternity,8
2026-02-13,01-21,ER,18
2026-02-13,01-21,ICU,10
2026-02-13,01-21,Maternity,6
2026-02-13,01-19,ER,28
2026-02-13,01-19,ICU,16
2026-02-13,01-19,Maternity,10
2026-02-13,PRIV01,ER,25
2026-02-13,PRIV01,ICU,14
2026-02-13,PRIV01,Maternity,3
2026-02-13,PRIV02,ER,18
2026-02-13,PRIV02,ICU,16
2026-02-13,PRIV02,Maternity,3
2026-02-13,PRIV03,ER,23
2026-02-13,PRIV03,ICU,11
2026-02-13,PRIV03,Maternity,8
2026-02-13,PRIV04,ER,32
2026-02-13,PRIV04,ICU,16
2026-02-13,PRIV04,Maternity,6
2026-02-13,PRIV05,ER,20
2026-02-13,PRIV05,ICU,15
2026-02-13,PRIV05,Maternity,8
2026-02-13,03-18,ER,26
2026-02-13,03-18,ICU,7
2026-02-13,03-18,Maternity,9
2026-02-13,04-16,ER,27
2026-02-13,04-16,ICU,12
2026-02-13,04-16,Maternity,6
2026-02-13,05-08,ER,23
2026-02-13,05-08,ICU,6
2026-02-13,05-08,Maternity,8
2026-02-13,05-17,ER,28
2026-02-13,05-17,ICU,8
2026-02-13,05-17,Maternity,8
2026-02-13,06-05,ER,27
2026-02-13,06-05,ICU,15
2026-02-13,06-05,Maternity,6
2026-02-13,07-10,ER,31
2026-02-13,07-10,ICU,10
2026-02-13,07-10,Maternity,11
2026-02-13,08-01,ER,32
2026-02-13,08-01,ICU,16
2026-02-13,08-01,Maternity,7
2026-02-13,PRIV06,ER,27
2026-02-13,PRIV06,ICU,11
2026-02-13,PRIV06,Maternity,7
2026-02-13,PRIV07,ER,21
2026-02-13,PRIV07,ICU,10
2026-02-13,PRIV07,Maternity,6
2026-02-13,PRIV08,ER,24
2026-02-13,PRIV08,ICU,13
2026-02-13,PRIV08,Maternity,6
2026-02-13,13-12,ER,24
2026-02-13,13-12,ICU,13
2026-02-13,13-12,Maternity,5
2026-02-13,14-07,ER,34
2026-02-13,14-07,ICU,16
2026-02-13,14-07,Maternity,10
2026-02-13,14-11,ER,25
2026-02-13,14-11,ICU,12
2026-02-13,14-11,Maternity,3
2026-02-13,01-22,ER,25
2026-02-13,01-22,ICU,14
2026-02-13,01-22,Maternity,3
2026-02-14,01-24,ER,36
2026-02-14,01-24,ICU,18
2026-02-14,01-24,Maternity,6
2026-02-14,01-23,ER,19
2026-02-14,01-23,ICU,14
2026-02-14,01-23,Maternity,6
2026-02-14,01-20,ER,29
2026-02-14,01-20,ICU,14
2026-02-14,01-20,Maternity,4
2026-02-14,01-02,ER,29
2026-02-14,01-02,ICU,10
2026-02-14,01-02,Maternity,5
2026-02-14,01-03,ER,29
2026-02-14,01-03,ICU,8
2026-02-14,01-03,Maternity,9
2026-02-14,01-21,ER,18
2026-02-14,01-21,ICU,14
2026-02-14,01-21,Maternity,12
2026-02-14,01-19,ER,19
2026-02-14,01-19,ICU,15
2026-02-14,01-19,Maternity,8
2026-02-14,PRIV01,ER,33
2026-02-14,PRIV01,ICU,12
2026-02-14,PRIV01,Maternity,6
2026-02-14,PRIV02,ER,16
2026-02-14,PRIV02,ICU,12
2026-02-14,PRIV02,Maternity,9
2026-02-14,PRIV03,ER,21
2026-02-14,PRIV03,ICU,12
2026-02-14,PRIV03,Maternity,7
2026-02-14,PRIV04,ER,25
2026-02-14,PRIV04,ICU,15
2026-02-14,PRIV04,Maternity,9
2026-02-14,PRIV05,ER,29
2026-02-14,PRIV05,ICU,11
2026-02-14,PRIV05,Maternity,4
2026-02-14,03-18,ER,25
2026-02-14,03-18,ICU,15
2026-02-14,03-18,Maternity,7
2026-02-14,04-16,ER,25
2026-02-14,04-16,ICU,13
2026-02-14,04-16,Maternity,6
2026-02-14,05-08,ER,38
2026-02-14,05-08,ICU,15
2026-02-14,05-08,Maternity,6
2026-02-14,05-17,ER,24
2026-02-14,05-17,ICU,19
2026-02-14,05-17,Maternity,5
2026-02-14,06-05,ER,31
2026-02-14,06-05,ICU,9
2026-02-14,06-05,Maternity,9
2026-02-14,07-10,ER,25
2026-02-14,07-10,ICU,11
2026-02-14,07-10,Maternity,5
2026-02-14,08-01,ER,26
2026-02-14,08-01,ICU,13
2026-02-14,08-01,Maternity,8
2026-02-14,PRIV06,ER,23
2026-02-14,PRIV06,ICU,18
2026-02-14,PRIV06,Maternity,2
2026-02-14,PRIV07,ER,26
2026-02-14,PRIV07,ICU,16
2026-02-14,PRIV07,Maternity,0
2026-02-14,PRIV08,ER,29
2026-02-14,PRIV08,ICU,15
2026-02-14,PRIV08,Maternity,9
2026-02-14,13-12,ER,38
2026-02-14,13-12,ICU,15
2026-02-14,13-12,Maternity,10
2026-02-14,14-07,ER,29
2026-02-14,14-07,ICU,20
2026-02-14,14-07,Maternity,5
2026-02-14,14-11,ER,18
2026-02-14,14-11,ICU,13
2026-02-14,14-11,Maternity,12
2026-02-14,01-22,ER,28
2026-02-14,01-22,ICU,13
2026-02-14,01-22,Maternity,11
2026-02-15,01-24,ER,32
2026-02-15,01-24,ICU,10
2026-02-15,01-24,Maternity,7
2026-02-15,01-23,ER,26
2026-02-15,01-23,ICU,15
2026-02-15,01-23,Maternity,7
2026-02-15,01-20,ER,36
2026-02-15,01-20,ICU,19
2026-02-15,01-20,Maternity,8
2026-02-15,01-02,ER,25
2026-02-15,01-02,ICU,10
2026-02-15,01-02,Maternity,8
2026-02-15,01-03,ER,26
2026-02-15,01-03,ICU,13
2026-02-15,01-03,Maternity,9
2026-02-15,01-21,ER,36
2026-02-15,01-21,ICU,12
2026-02-15,01-21,Maternity,6
2026-02-15,01-19,ER,22
2026-02-15,01-19,ICU,8
2026-02-15,01-19,Maternity,4
2026-02-15,PRIV01,ER,30
2026-02-15,PRIV01,ICU,11
2026-02-15,PRIV01,Maternity,5
2026-02-15,PRIV02,ER,19
2026-02-15,PRIV02,ICU,12
2026-02-15,PRIV02,Maternity,3
2026-02-15,PRIV03,ER,23
2026-02-15,PRIV03,ICU,12
2026-02-15,PRIV03,Maternity,4
2026-02-15,PRIV04,ER,23
2026-02-15,PRIV04,ICU,11
2026-02-15,PRIV04,Maternity,6
2026-02-15,PRIV05,ER,22
2026-02-15,PRIV05,ICU,17
2026-02-15,PRIV05,Maternity,4
2026-02-15,03-18,ER,29
2026-02-15,03-18,ICU,14
2026-02-15,03-18,Maternity,6
2026-02-15,04-16,ER,32
2026-02-15,04-16,ICU,12
2026-02-15,04-16,Maternity,3
2026-02-15,05-08,ER,33
2026-02-15,05-08,ICU,18
2026-02-15,05-08,Maternity,8
2026-02-15,05-17,ER,38
2026-02-15,05-17,ICU,10
2026-02-15,05-17,Maternity,8
2026-02-15,06-05,ER,27
2026-02-15,06-05,ICU,8
2026-02-15,06-05,Maternity,4
2026-02-15,07-10,ER,22
2026-02-15,07-10,ICU,8
2026-02-15,07-10,Maternity,5
2026-02-15,08-01,ER,28
2026-02-15,08-01,ICU,13
2026-02-15,08-01,Maternity,12
2026-02-15,PRIV06,ER,37
2026-02-15,PRIV06,ICU,13
2026-02-15,PRIV06,Maternity,6
2026-02-15,PRIV07,ER,25
2026-02-15,PRIV07,ICU,9
2026-02-15,PRIV07,Maternity,6
2026-02-15,PRIV08,ER,30
2026-02-15,PRIV08,ICU,16
2026-02-15,PRIV08,Maternity,4
2026-02-15,13-12,ER,27
2026-02-15,13-12,ICU,24
2026-02-15,13-12,Maternity,6
2026-02-15,14-07,ER,26
2026-02-15,14-07,ICU,16
2026-02-15,14-07,Maternity,11
2026-02-15,14-11,ER,28
2026-02-15,14-11,ICU,18
2026-02-15,14-11,Maternity,9
2026-02-15,01-22,ER,21
2026-02-15,01-22,ICU,16
2026-02-15,01-22,Maternity,5
2026-02-16,01-24,ER,26
2026-02-16,01-24,ICU,14
2026-02-16,01-24,Maternity,2
2026-02-16,01-23,ER,20
2026-02-16,01-23,ICU,8
2026-02-16,01-23,Maternity,10
2026-02-16,01-20,ER,35
2026-02-16,01-20,ICU,14
2026-02-16,01-20,Maternity,3
2026-02-16,01-02,ER,31
2026-02-16,01-02,ICU,19
2026-02-16,01-02,Maternity,6
2026-02-16,01-03,ER,33
2026-02-16,01-03,ICU,11
2026-02-16,01-03,Maternity,7
2026-02-16,01-21,ER,21
2026-02-16,01-21,ICU,14
2026-02-16,01-21,Maternity,6
2026-02-16,01-19,ER,25
2026-02-16,01-19,ICU,11
2026-02-16,01-19,Maternity,1
2026-02-16,PRIV01,ER,22
2026-02-16,PRIV01,ICU,13
2026-02-16,PRIV01,Maternity,3
2026-02-16,PRIV02,ER,27
2026-02-16,PRIV02,ICU,16
2026-02-16,PRIV02,Maternity,4
2026-02-16,PRIV03,ER,34
2026-02-16,PRIV03,ICU,12
2026-02-16,PRIV03,Maternity,5
2026-02-16,PRIV04,ER,26
2026-02-16,PRIV04,ICU,10
2026-02-16,PRIV04,Maternity,3
2026-02-16,PRIV05,ER,32
2026-02-16,PRIV05,ICU,7
2026-02-16,PRIV05,Maternity,5
2026-02-16,03-18,ER,33
2026-02-16,03-18,ICU,9
2026-02-16,03-18,Maternity,10
2026-02-16,04-16,ER,34
2026-02-16,04-16,ICU,14
2026-02-16,04-16,Maternity,7
2026-02-16,05-08,ER,23
2026-02-16,05-08,ICU,18
2026-02-16,05-08,Maternity,1
2026-02-16,05-17,ER,35
2026-02-16,05-17,ICU,6
2026-02-16,05-17,Maternity,8
2026-02-16,06-05,ER,19
2026-02-16,06-05,ICU,13
2026-02-16,06-05,Maternity,9
2026-02-16,07-10,ER,31
2026-02-16,07-10,ICU,15
2026-02-16,07-10,Maternity,9
2026-02-16,08-01,ER,23
2026-02-16,08-01,ICU,14
2026-02-16,08-01,Maternity,7
2026-02-16,PRIV06,ER,27
2026-02-16,PRIV06,ICU,12
2026-02-16,PRIV06,Maternity,7
2026-02-16,PRIV07,ER,28
2026-02-16,PRIV07,ICU,18
2026-02-16,PRIV07,Maternity,8
2026-02-16,PRIV08,ER,34
2026-02-16,PRIV08,ICU,11
2026-02-16,PRIV08,Maternity,11
2026-02-16,13-12,ER,29
2026-02-16,13-12,ICU,11
2026-02-16,13-12,Maternity,15
2026-02-16,14-07,ER,24
2026-02-16,14-07,ICU,11
2026-02-16,14-07,Maternity,5
2026-02-16,14-11,ER,25
2026-02-16,14-11,ICU,15
2026-02-16,14-11,Maternity,5
2026-02-16,01-22,ER,25
2026-02-16,01-22,ICU,18
2026-02-16,01-22,Maternity,10
2026-02-17,01-24,ER,24
2026-02-17,01-24,ICU,12
2026-02-17,01-24,Maternity,8
2026-02-17,01-23,ER,20
2026-02-17,01-23,ICU,10
2026-02-17,01-23,Maternity,11
2026-02-17,01-20,ER,32
2026-02-17,01-20,ICU,12
2026-02-17,01-20,Maternity,4
2026-02-17,01-02,ER,20
2026-02-17,01-02,ICU,7
2026-02-17,01-02,Maternity,5
2026-02-17,01-03,ER,31
2026-02-17,01-03,ICU,22
2026-02-17,01-03,Maternity,10
2026-02-17,01-21,ER,33
2026-02-17,01-21,ICU,16
2026-02-17,01-21,Maternity,10
2026-02-17,01-19,ER,24
2026-02-17,01-19,ICU,17
2026-02-17,01-19,Maternity,7
2026-02-17,PRIV01,ER,23
2026-02-17,PRIV01,ICU,16
2026-02-17,PRIV01,Maternity,11
2026-02-17,PRIV02,ER,29
2026-02-17,PRIV02,ICU,16
2026-02-17,PRIV02,Maternity,7
2026-02-17,PRIV03,ER,35
2026-02-17,PRIV03,ICU,13
2026-02-17,PRIV03,Maternity,6
2026-02-17,PRIV04,ER,31
2026-02-17,PRIV04,ICU,17
2026-02-17,PRIV04,Maternity,6
2026-02-17,PRIV05,ER,24
2026-02-17,PRIV05,ICU,5
2026-02-17,PRIV05,Maternity,7
2026-02-17,03-18,ER,26
2026-02-17,03-18,ICU,14
2026-02-17,03-18,Maternity,5
2026-02-17,04-16,ER,26
2026-02-17,04-16,ICU,14
2026-02-17,04-16,Maternity,7
2026-02-17,05-08,ER,22
2026-02-17,05-08,ICU,9
2026-02-17,05-08,Maternity,3
2026-02-17,05-17,ER,21
2026-02-17,05-17,ICU,13
2026-02-17,05-17,Maternity,9
2026-02-17,06-05,ER,20
2026-02-17,06-05,ICU,14
2026-02-17,06-05,Maternity,6
2026-02-17,07-10,ER,21
2026-02-17,07-10,ICU,11
2026-02-17,07-10,Maternity,6
2026-02-17,08-01,ER,30
2026-02-17,08-01,ICU,10
2026-02-17,08-01,Maternity,9
2026-02-17,PRIV06,ER,22
2026-02-17,PRIV06,ICU,14
2026-02-17,PRIV06,Maternity,9
2026-02-17,PRIV07,ER,26
2026-02-17,PRIV07,ICU,12
2026-02-17,PRIV07,Maternity,2
2026-02-17,PRIV08,ER,25
2026-02-17,PRIV08,ICU,11
2026-02-17,PRIV08,Maternity,1
2026-02-17,13-12,ER,28
2026-02-17,13-12,ICU,9
2026-02-17,13-12,Maternity,5
2026-02-17,14-07,ER,35
2026-02-17,14-07,ICU,9
2026-02-17,14-07,Maternity,6
2026-02-17,14-11,ER,26
2026-02-17,14-11,ICU,11
2026-02-17,14-11,Maternity,10
2026-02-17,01-22,ER,22
2026-02-17,01-22,ICU,10
2026-02-17,01-22,Maternity,4
2026-02-18,01-24,ER,29
2026-02-18,01-24,ICU,10
2026-02-18,01-24,Maternity,5
2026-02-18,01-23,ER,26
2026-02-18,01-23,ICU,16
2026-02-18,01-23,Maternity,8
2026-02-18,01-20,ER,24
2026-02-18,01-20,ICU,15
2026-02-18,01-20,Maternity,6
2026-02-18,01-02,ER,28
2026-02-18,01-02,ICU,13
2026-02-18,01-02,Maternity,7
2026-02-18,01-03,ER,16
2026-02-18,01-03,ICU,11
2026-02-18,01-03,Maternity,9
2026-02-18,01-21,ER,31
2026-02-18,01-21,ICU,14
2026-02-18,01-21,Maternity,7
2026-02-18,01-19,ER,32
2026-02-18,01-19,ICU,11
2026-02-18,01-19,Maternity,5
2026-02-18,PRIV01,ER,22
2026-02-18,PRIV01,ICU,6
2026-02-18,PRIV01,Maternity,5
2026-02-18,PRIV02,ER,21
2026-02-18,PRIV02,ICU,11
2026-02-18,PRIV02,Maternity,4
2026-02-18,PRIV03,ER,28
2026-02-18,PRIV03,ICU,14
2026-02-18,PRIV03,Maternity,4
2026-02-18,PRIV04,ER,33
2026-02-18,PRIV04,ICU,18
2026-02-18,PRIV04,Maternity,2
2026-02-18,PRIV05,ER,34
2026-02-18,PRIV05,ICU,6
2026-02-18,PRIV05,Maternity,3
2026-02-18,03-18,ER,34
2026-02-18,03-18,ICU,9
2026-02-18,03-18,Maternity,9
2026-02-18,04-16,ER,27
2026-02-18,04-16,ICU,13
2026-02-18,04-16,Maternity,8
2026-02-18,05-08,ER,27
2026-02-18,05-08,ICU,16
2026-02-18,05-08,Maternity,8
2026-02-18,05-17,ER,24
2026-02-18,05-17,ICU,10
2026-02-18,05-17,Maternity,5
2026-02-18,06-05,ER,25
2026-02-18,06-05,ICU,15
2026-02-18,06-05,Maternity,5
2026-02-18,07-10,ER,28
2026-02-18,07-10,ICU,15
2026-02-18,07-10,Maternity,9
2026-02-18,08-01,ER,30
2026-02-18,08-01,ICU,12
2026-02-18,08-01,Maternity,7
2026-02-18,PRIV06,ER,25
2026-02-18,PRIV06,ICU,9
2026-02-18,PRIV06,Maternity,4
2026-02-18,PRIV07,ER,26
2026-02-18,PRIV07,ICU,17
2026-02-18,PRIV07,Maternity,6
2026-02-18,PRIV08,ER,31
2026-02-18,PRIV08,ICU,13
2026-02-18,PRIV08,Maternity,5
2026-02-18,13-12,ER,39
2026-02-18,13-12,ICU,14
2026-02-18,13-12,Maternity,9
2026-02-18,14-07,ER,22
2026-02-18,14-07,ICU,16
2026-02-18,14-07,Maternity,7
2026-02-18,14-11,ER,27
2026-02-18,14-11,ICU,14
2026-02-18,14-11,Maternity,6
2026-02-18,01-22,ER,25
2026-02-18,01-22,ICU,13
2026-02-18,01-22,Maternity,6
2026-02-19,01-24,ER,19
2026-02-19,01-24,ICU,10
2026-02-19,01-24,Maternity,13
2026-02-19,01-23,ER,35
2026-02-19,01-23,ICU,12
2026-02-19,01-23,Maternity,7
2026-02-19,01-20,ER,19
2026-02-19,01-20,ICU,9
2026-02-19,01-20,Maternity,7
2026-02-19,01-02,ER,29
2026-02-19,01-02,ICU,18
2026-02-19,01-02,Maternity,8
2026-02-19,01-03,ER,36
2026-02-19,01-03,ICU,10
2026-02-19,01-03,Maternity,5
2026-02-19,01-21,ER,25
2026-02-19,01-21,ICU,8
2026-02-19,01-21,Maternity,5
2026-02-19,01-19,ER,23
2026-02-19,01-19,ICU,14
2026-02-19,01-19,Maternity,1
2026-02-19,PRIV01,ER,28
2026-02-19,PRIV01,ICU,11
2026-02-19,PRIV01,Maternity,3
2026-02-19,PRIV02,ER,29
2026-02-19,PRIV02,ICU,13
2026-02-19,PRIV02,Maternity,8
2026-02-19,PRIV03,ER,35
2026-02-19,PRIV03,ICU,8
2026-02-19,PRIV03,Maternity,3
2026-02-19,PRIV04,ER,26
2026-02-19,PRIV04,ICU,17
2026-02-19,PRIV04,Maternity,9
2026-02-19,PRIV05,ER,32
2026-02-19,PRIV05,ICU,12
2026-02-19,PRIV05,Maternity,5
2026-02-19,03-18,ER,26
2026-02-19,03-18,ICU,13
2026-02-19,03-18,Maternity,5
2026-02-19,04-16,ER,30
2026-02-19,04-16,ICU,21
2026-02-19,04-16,Maternity,9
2026-02-19,05-08,ER,29
2026-02-19,05-08,ICU,9
2026-02-19,05-08,Maternity,4
2026-02-19,05-17,ER,29
2026-02-19,05-17,ICU,14
2026-02-19,05-17,Maternity,9
2026-02-19,06-05,ER,19
2026-02-19,06-05,ICU,15
2026-02-19,06-05,Maternity,7
2026-02-19,07-10,ER,30
2026-02-19,07-10,ICU,12
2026-02-19,07-10,Maternity,7
2026-02-19,08-01,ER,23
2026-02-19,08-01,ICU,17
2026-02-19,08-01,Maternity,6
2026-02-19,PRIV06,ER,17
2026-02-19,PRIV06,ICU,10
2026-02-19,PRIV06,Maternity,4
2026-02-19,PRIV07,ER,22
2026-02-19,PRIV07,ICU,15
2026-02-19,PRIV07,Maternity,7
2026-02-19,PRIV08,ER,33
2026-02-19,PRIV08,ICU,13
2026-02-19,PRIV08,Maternity,5
2026-02-19,13-12,ER,25
2026-02-19,13-12,ICU,10
2026-02-19,13-12,Maternity,3
2026-02-19,14-07,ER,24
2026-02-19,14-07,ICU,11
2026-02-19,14-07,Maternity,7
2026-02-19,14-11,ER,29
2026-02-19,14-11,ICU,14
2026-02-19,14-11,Maternity,6
2026-02-19,01-22,ER,30
2026-02-19,01-22,ICU,8
2026-02-19,01-22,Maternity,9
2026-02-20,01-24,ER,26
2026-02-20,01-24,ICU,15
2026-02-20,01-24,Maternity,8
2026-02-20,01-23,ER,23
2026-02-20,01-23,ICU,14
2026-02-20,01-23,Maternity,6
2026-02-20,01-20,ER,25
2026-02-20,01-20,ICU,10
2026-02-20,01-20,Maternity,12
2026-02-20,01-02,ER,29
2026-02-20,01-02,ICU,12
2026-02-20,01-02,Maternity,9
2026-02-20,01-03,ER,24
2026-02-20,01-03,ICU,12
2026-02-20,01-03,Maternity,7
2026-02-20,01-21,ER,34
2026-02-20,01-21,ICU,15
2026-02-20,01-21,Maternity,6
2026-02-20,01-19,ER,22
2026-02-20,01-19,ICU,12
2026-02-20,01-19,Maternity,3
2026-02-20,PRIV01,ER,30
2026-02-20,PRIV01,ICU,18
2026-02-20,PRIV01,Maternity,8
2026-02-20,PRIV02,ER,20
2026-02-20,PRIV02,ICU,12
2026-02-20,PRIV02,Maternity,7
2026-02-20,PRIV03,ER,18
2026-02-20,PRIV03,ICU,17
2026-02-20,PRIV03,Maternity,9
2026-02-20,PRIV04,ER,16
2026-02-20,PRIV04,ICU,17
2026-02-20,PRIV04,Maternity,4
2026-02-20,PRIV05,ER,27
2026-02-20,PRIV05,ICU,10
2026-02-20,PRIV05,Maternity,14
2026-02-20,03-18,ER,29
2026-02-20,03-18,ICU,17
2026-02-20,03-18,Maternity,4
2026-02-20,04-16,ER,23
2026-02-20,04-16,ICU,8
2026-02-20,04-16,Maternity,4
2026-02-20,05-08,ER,22
2026-02-20,05-08,ICU,10
2026-02-20,05-08,Maternity,3
2026-02-20,05-17,ER,27
2026-02-20,05-17,ICU,12
2026-02-20,05-17,Maternity,10
2026-02-20,06-05,ER,28
2026-02-20,06-05,ICU,9
2026-02-20,06-05,Maternity,8
2026-02-20,07-10,ER,32
2026-02-20,07-10,ICU,16
2026-02-20,07-10,Maternity,6
2026-02-20,08-01,ER,25
2026-02-20,08-01,ICU,16
2026-02-20,08-01,Maternity,5
2026-02-20,PRIV06,ER,28
2026-02-20,PRIV06,ICU,17
2026-02-20,PRIV06,Maternity,7
2026-02-20,PRIV07,ER,28
2026-02-20,PRIV07,ICU,16
2026-02-20,PRIV07,Maternity,8
2026-02-20,PRIV08,ER,22
2026-02-20,PRIV08,ICU,10
2026-02-20,PRIV08,Maternity,6
2026-02-20,13-12,ER,25
2026-02-20,13-12,ICU,8
2026-02-20,13-12,Maternity,4
2026-02-20,14-07,ER,25
2026-02-20,14-07,ICU,15
2026-02-20,14-07,Maternity,3
2026-02-20,14-11,ER,20
2026-02-20,14-11,ICU,12
2026-02-20,14-11,Maternity,4
2026-02-20,01-22,ER,21
2026-02-20,01-22,ICU,19
2026-02-20,01-22,Maternity,12
2026-02-21,01-24,ER,13
2026-02-21,01-24,ICU,9
2026-02-21,01-24,Maternity,7
2026-02-21,01-23,ER,20
2026-02-21,01-23,ICU,13
2026-02-21,01-23,Maternity,7
2026-02-21,01-20,ER,24
2026-02-21,01-20,ICU,10
2026-02-21,01-20,Maternity,8
2026-02-21,01-02,ER,31
2026-02-21,01-02,ICU,7
2026-02-21,01-02,Maternity,5
2026-02-21,01-03,ER,24
2026-02-21,01-03,ICU,19
2026-02-21,01-03,Maternity,8
2026-02-21,01-21,ER,27
2026-02-21,01-21,ICU,7
2026-02-21,01-21,Maternity,7
2026-02-21,01-19,ER,29
2026-02-21,01-19,ICU,9
2026-02-21,01-19,Maternity,9
2026-02-21,PRIV01,ER,16
2026-02-21,PRIV01,ICU,17
2026-02-21,PRIV01,Maternity,6
2026-02-21,PRIV02,ER,32
2026-02-21,PRIV02,ICU,18
2026-02-21,PRIV02,Maternity,5
2026-02-21,PRIV03,ER,21
2026-02-21,PRIV03,ICU,13
2026-02-21,PRIV03,Maternity,14
2026-02-21,PRIV04,ER,19
2026-02-21,PRIV04,ICU,9
2026-02-21,PRIV04,Maternity,13
2026-02-21,PRIV05,ER,29
2026-02-21,PRIV05,ICU,12
2026-02-21,PRIV05,Maternity,4
2026-02-21,03-18,ER,21
2026-02-21,03-18,ICU,16
2026-02-21,03-18,Maternity,8
2026-02-21,04-16,ER,24
2026-02-21,04-16,ICU,12
2026-02-21,04-16,Maternity,8
2026-02-21,05-08,ER,26
2026-02-21,05-08,ICU,16
2026-02-21,05-08,Maternity,6
2026-02-21,05-17,ER,20
2026-02-21,05-17,ICU,10
2026-02-21,05-17,Maternity,8
2026-02-21,06-05,ER,19
2026-02-21,06-05,ICU,14
2026-02-21,06-05,Maternity,4
2026-02-21,07-10,ER,21
2026-02-21,07-10,ICU,14
2026-02-21,07-10,Maternity,7
2026-02-21,08-01,ER,26
2026-02-21,08-01,ICU,8
2026-02-21,08-01,Maternity,9
2026-02-21,PRIV06,ER,34
2026-02-21,PRIV06,ICU,11
2026-02-21,PRIV06,Maternity,6
2026-02-21,PRIV07,ER,23
2026-02-21,PRIV07,ICU,15
2026-02-21,PRIV07,Maternity,6
2026-02-21,PRIV08,ER,24
2026-02-21,PRIV08,ICU,14
2026-02-21,PRIV08,Maternity,6
2026-02-21,13-12,ER,21
2026-02-21,13-12,ICU,17
2026-02-21,13-12,Maternity,6
2026-02-21,14-07,ER,26
2026-02-21,14-07,ICU,16
2026-02-21,14-07,Maternity,6
2026-02-21,14-11,ER,26
2026-02-21,14-11,ICU,9
2026-02-21,14-11,Maternity,6
2026-02-21,01-22,ER,20
2026-02-21,01-22,ICU,14
2026-02-21,01-22,Maternity,4
2026-02-22,01-24,ER,16
2026-02-22,01-24,ICU,9
2026-02-22,01-24,Maternity,5
2026-02-22,01-23,ER,29
2026-02-22,01-23,ICU,9
2026-02-22,01-23,Maternity,6
2026-02-22,01-20,ER,21
2026-02-22,01-20,ICU,13
2026-02-22,01-20,Maternity,8
2026-02-22,01-02,ER,25
2026-02-22,01-02,ICU,10
2026-02-22,01-02,Maternity,8
2026-02-22,01-03,ER,35
2026-02-22,01-03,ICU,8
2026-02-22,01-03,Maternity,5
2026-02-22,01-21,ER,24
2026-02-22,01-21,ICU,15
2026-02-22,01-21,Maternity,11
2026-02-22,01-19,ER,16
2026-02-22,01-19,ICU,15
2026-02-22,01-19,Maternity,4
2026-02-22,PRIV01,ER,20
2026-02-22,PRIV01,ICU,10
2026-02-22,PRIV01,Maternity,5
2026-02-22,PRIV02,ER,30
2026-02-22,PRIV02,ICU,10
2026-02-22,PRIV02,Maternity,1
2026-02-22,PRIV03,ER,29
2026-02-22,PRIV03,ICU,21
2026-02-22,PRIV03,Maternity,5
2026-02-22,PRIV04,ER,28
2026-02-22,PRIV04,ICU,15
2026-02-22,PRIV04,Maternity,9
2026-02-22,PRIV05,ER,25
2026-02-22,PRIV05,ICU,11
2026-02-22,PRIV05,Maternity,6
2026-02-22,03-18,ER,25
2026-02-22,03-18,ICU,5
2026-02-22,03-18,Maternity,7
2026-02-22,04-16,ER,22
2026-02-22,04-16,ICU,14
2026-02-22,04-16,Maternity,6
2026-02-22,05-08,ER,29
2026-02-22,05-08,ICU,11
2026-02-22,05-08,Maternity,6
2026-02-22,05-17,ER,20
2026-02-22,05-17,ICU,11
2026-02-22,05-17,Maternity,9
2026-02-22,06-05,ER,19
2026-02-22,06-05,ICU,15
2026-02-22,06-05,Maternity,8
2026-02-22,07-10,ER,24
2026-02-22,07-10,ICU,7
2026-02-22,07-10,Maternity,4
2026-02-22,08-01,ER,17
2026-02-22,08-01,ICU,11
2026-02-22,08-01,Maternity,4
2026-02-22,PRIV06,ER,19
2026-02-22,PRIV06,ICU,19
2026-02-22,PRIV06,Maternity,6
2026-02-22,PRIV07,ER,24
2026-02-22,PRIV07,ICU,10
2026-02-22,PRIV07,Maternity,7
2026-02-22,PRIV08,ER,28
2026-02-22,PRIV08,ICU,13
2026-02-22,PRIV08,Maternity,4
2026-02-22,13-12,ER,28
2026-02-22,13-12,ICU,9
2026-02-22,13-12,Maternity,6
2026-02-22,14-07,ER,24
2026-02-22,14-07,ICU,13
2026-02-22,14-07,Maternity,5
2026-02-22,14-11,ER,21
2026-02-22,14-11,ICU,13
2026-02-22,14-11,Maternity,6
2026-02-22,01-22,ER,25
2026-02-22,01-22,ICU,16
2026-02-22,01-22,Maternity,8
2026-02-23,01-24,ER,22
2026-02-23,01-24,ICU,15
2026-02-23,01-24,Maternity,12
2026-02-23,01-23,ER,21
2026-02-23,01-23,ICU,10
2026-02-23,01-23,Maternity,7
2026-02-23,01-20,ER,28
2026-02-23,01-20,ICU,11
2026-02-23,01-20,Maternity,7
2026-02-23,01-02,ER,37
2026-02-23,01-02,ICU,14
2026-02-23,01-02,Maternity,10
2026-02-23,01-03,ER,23
2026-02-23,01-03,ICU,9
2026-02-23,01-03,Maternity,9
2026-02-23,01-21,ER,24
2026-02-23,01-21,ICU,8
2026-02-23,01-21,Maternity,9
2026-02-23,01-19,ER,18
2026-02-23,01-19,ICU,15
2026-02-23,01-19,Maternity,10
2026-02-23,PRIV01,ER,20
2026-02-23,PRIV01,ICU,10
2026-02-23,PRIV01,Maternity,8
2026-02-23,PRIV02,ER,15
2026-02-23,PRIV02,ICU,21
2026-02-23,PRIV02,Maternity,7
2026-02-23,PRIV03,ER,24
2026-02-23,PRIV03,ICU,10
2026-02-23,PRIV03,Maternity,12
2026-02-23,PRIV04,ER,23
2026-02-23,PRIV04,ICU,21
2026-02-23,PRIV04,Maternity,6
2026-02-23,PRIV05,ER,28
2026-02-23,PRIV05,ICU,7
2026-02-23,PRIV05,Maternity,5
2026-02-23,03-18,ER,27
2026-02-23,03-18,ICU,15
2026-02-23,03-18,Maternity,5
2026-02-23,04-16,ER,29
2026-02-23,04-16,ICU,11
2026-02-23,04-16,Maternity,10
2026-02-23,05-08,ER,33
2026-02-23,05-08,ICU,9
2026-02-23,05-08,Maternity,7
2026-02-23,05-17,ER,23
2026-02-23,05-17,ICU,15
2026-02-23,05-17,Maternity,5
2026-02-23,06-05,ER,22
2026-02-23,06-05,ICU,8
2026-02-23,06-05,Maternity,4
2026-02-23,07-10,ER,25
2026-02-23,07-10,ICU,10
2026-02-23,07-10,Maternity,4
2026-02-23,08-01,ER,33
2026-02-23,08-01,ICU,16
2026-02-23,08-01,Maternity,4
2026-02-23,PRIV06,ER,29
2026-02-23,PRIV06,ICU,13
2026-02-23,PRIV06,Maternity,5
2026-02-23,PRIV07,ER,21
2026-02-23,PRIV07,ICU,11
2026-02-23,PRIV07,Maternity,6
2026-02-23,PRIV08,ER,31
2026-02-23,PRIV08,ICU,12
2026-02-23,PRIV08,Maternity,7
2026-02-23,13-12,ER,32
2026-02-23,13-12,ICU,11
2026-02-23,13-12,Maternity,8
2026-02-23,14-07,ER,28
2026-02-23,14-07,ICU,9
2026-02-23,14-07,Maternity,6
2026-02-23,14-11,ER,27
2026-02-23,14-11,ICU,9
2026-02-23,14-11,Maternity,5
2026-02-23,01-22,ER,27
2026-02-23,01-22,ICU,11
2026-02-23,01-22,Maternity,6
2026-02-24,01-24,ER,25
2026-02-24,01-24,ICU,19
2026-02-24,01-24,Maternity,8
2026-02-24,01-23,ER,37
2026-02-24,01-23,ICU,8
2026-02-24,01-23,Maternity,8
2026-02-24,01-20,ER,35
2026-02-24,01-20,ICU,11
2026-02-24,01-20,Maternity,11
2026-02-24,01-02,ER,34
2026-02-24,01-02,ICU,6
2026-02-24,01-02,Maternity,8
2026-02-24,01-03,ER,17
2026-02-24,01-03,ICU,14
2026-02-24,01-03,Maternity,8
2026-02-24,01-21,ER,25
2026-02-24,01-21,ICU,13
2026-02-24,01-21,Maternity,7
2026-02-24,01-19,ER,20
2026-02-24,01-19,ICU,18
2026-02-24,01-19,Maternity,8
2026-02-24,PRIV01,ER,26
2026-02-24,PRIV01,ICU,13
2026-02-24,PRIV01,Maternity,7
2026-02-24,PRIV02,ER,26
2026-02-24,PRIV02,ICU,16
2026-02-24,PRIV02,Maternity,3
2026-02-24,PRIV03,ER,30
2026-02-24,PRIV03,ICU,14
2026-02-24,PRIV03,Maternity,4
2026-02-24,PRIV04,ER,20
2026-02-24,PRIV04,ICU,5
2026-02-24,PRIV04,Maternity,6
2026-02-24,PRIV05,ER,23
2026-02-24,PRIV05,ICU,25
2026-02-24,PRIV05,Maternity,3
2026-02-24,03-18,ER,30
2026-02-24,03-18,ICU,24
2026-02-24,03-18,Maternity,3
2026-02-24,04-16,ER,22
2026-02-24,04-16,ICU,10
2026-02-24,04-16,Maternity,6
2026-02-24,05-08,ER,21
2026-02-24,05-08,ICU,8
2026-02-24,05-08,Maternity,11
2026-02-24,05-17,ER,28
2026-02-24,05-17,ICU,11
2026-02-24,05-17,Maternity,9
2026-02-24,06-05,ER,17
2026-02-24,06-05,ICU,16
2026-02-24,06-05,Maternity,9
2026-02-24,07-10,ER,28
2026-02-24,07-10,ICU,18
2026-02-24,07-10,Maternity,7
2026-02-24,08-01,ER,27
2026-02-24,08-01,ICU,9
2026-02-24,08-01,Maternity,4
2026-02-24,PRIV06,ER,19
2026-02-24,PRIV06,ICU,14
2026-02-24,PRIV06,Maternity,5
2026-02-24,PRIV07,ER,25
2026-02-24,PRIV07,ICU,15
2026-02-24,PRIV07,Maternity,6
2026-02-24,PRIV08,ER,27
2026-02-24,PRIV08,ICU,9
2026-02-24,PRIV08,Maternity,12
2026-02-24,13-12,ER,22
2026-02-24,13-12,ICU,11
2026-02-24,13-12,Maternity,12
2026-02-24,14-07,ER,30
2026-02-24,14-07,ICU,10
2026-02-24,14-07,Maternity,6
2026-02-24,14-11,ER,35
2026-02-24,14-11,ICU,9
2026-02-24,14-11,Maternity,6
2026-02-24,01-22,ER,31
2026-02-24,01-22,ICU,21
2026-02-24,01-22,Maternity,6
2026-02-25,01-24,ER,49
2026-02-25,01-24,ICU,12
2026-02-25,01-24,Maternity,6
2026-02-25,01-23,ER,27
2026-02-25,01-23,ICU,7
2026-02-25,01-23,Maternity,5
2026-02-25,01-20,ER,22
2026-02-25,01-20,ICU,16
2026-02-25,01-20,Maternity,7
2026-02-25,01-02,ER,26
2026-02-25,01-02,ICU,8
2026-02-25,01-02,Maternity,7
2026-02-25,01-03,ER,27
2026-02-25,01-03,ICU,9
2026-02-25,01-03,Maternity,8
2026-02-25,01-21,ER,31
2026-02-25,01-21,ICU,10
2026-02-25,01-21,Maternity,5
2026-02-25,01-19,ER,28
2026-02-25,01-19,ICU,13
2026-02-25,01-19,Maternity,10
2026-02-25,PRIV01,ER,23
2026-02-25,PRIV01,ICU,11
2026-02-25,PRIV01,Maternity,10
2026-02-25,PRIV02,ER,33
2026-02-25,PRIV02,ICU,11
2026-02-25,PRIV02,Maternity,7
2026-02-25,PRIV03,ER,30
2026-02-25,PRIV03,ICU,17
2026-02-25,PRIV03,Maternity,3
2026-02-25,PRIV04,ER,33
2026-02-25,PRIV04,ICU,11
2026-02-25,PRIV04,Maternity,7
2026-02-25,PRIV05,ER,30
2026-02-25,PRIV05,ICU,11
2026-02-25,PRIV05,Maternity,5
2026-02-25,03-18,ER,32
2026-02-25,03-18,ICU,11
2026-02-25,03-18,Maternity,5
2026-02-25,04-16,ER,28
2026-02-25,04-16,ICU,7
2026-02-25,04-16,Maternity,6
2026-02-25,05-08,ER,24
2026-02-25,05-08,ICU,15
2026-02-25,05-08,Maternity,8
2026-02-25,05-17,ER,29
2026-02-25,05-17,ICU,18
2026-02-25,05-17,Maternity,6
2026-02-25,06-05,ER,27
2026-02-25,06-05,ICU,14
2026-02-25,06-05,Maternity,8
2026-02-25,07-10,ER,20
2026-02-25,07-10,ICU,15
2026-02-25,07-10,Maternity,11
2026-02-25,08-01,ER,34
2026-02-25,08-01,ICU,11
2026-02-25,08-01,Maternity,8
2026-02-25,PRIV06,ER,18
2026-02-25,PRIV06,ICU,12
2026-02-25,PRIV06,Maternity,5
2026-02-25,PRIV07,ER,25
2026-02-25,PRIV07,ICU,11
2026-02-25,PRIV07,Maternity,5
2026-02-25,PRIV08,ER,27
2026-02-25,PRIV08,ICU,9
2026-02-25,PRIV08,Maternity,4
2026-02-25,13-12,ER,26
2026-02-25,13-12,ICU,10
2026-02-25,13-12,Maternity,6
2026-02-25,14-07,ER,26
2026-02-25,14-07,ICU,11
2026-02-25,14-07,Maternity,2
2026-02-25,14-11,ER,27
2026-02-25,14-11,ICU,11
2026-02-25,14-11,Maternity,9
2026-02-25,01-22,ER,23
2026-02-25,01-22,ICU,14
2026-02-25,01-22,Maternity,3
2026-02-26,01-24,ER,29
2026-02-26,01-24,ICU,12
2026-02-26,01-24,Maternity,5
2026-02-26,01-23,ER,24
2026-02-26,01-23,ICU,13
2026-02-26,01-23,Maternity,2
2026-02-26,01-20,ER,26
2026-02-26,01-20,ICU,7
2026-02-26,01-20,Maternity,8
2026-02-26,01-02,ER,21
2026-02-26,01-02,ICU,7
2026-02-26,01-02,Maternity,5
2026-02-26,01-03,ER,32
2026-02-26,01-03,ICU,15
2026-02-26,01-03,Maternity,9
2026-02-26,01-21,ER,36
2026-02-26,01-21,ICU,13
2026-02-26,01-21,Maternity,1
2026-02-26,01-19,ER,26
2026-02-26,01-19,ICU,17
2026-02-26,01-19,Maternity,10
2026-02-26,PRIV01,ER,33
2026-02-26,PRIV01,ICU,10
2026-02-26,PRIV01,Maternity,8
2026-02-26,PRIV02,ER,30
2026-02-26,PRIV02,ICU,19
2026-02-26,PRIV02,Maternity,6
2026-02-26,PRIV03,ER,28
2026-02-26,PRIV03,ICU,17
2026-02-26,PRIV03,Maternity,7
2026-02-26,PRIV04,ER,28
2026-02-26,PRIV04,ICU,18
2026-02-26,PRIV04,Maternity,6
2026-02-26,PRIV05,ER,18
2026-02-26,PRIV05,ICU,9
2026-02-26,PRIV05,Maternity,6
2026-02-26,03-18,ER,26
2026-02-26,03-18,ICU,6
2026-02-26,03-18,Maternity,9
2026-02-26,04-16,ER,26
2026-02-26,04-16,ICU,12
2026-02-26,04-16,Maternity,6
2026-02-26,05-08,ER,25
2026-02-26,05-08,ICU,20
2026-02-26,05-08,Maternity,8
2026-02-26,05-17,ER,26
2026-02-26,05-17,ICU,8
2026-02-26,05-17,Maternity,9
2026-02-26,06-05,ER,25
2026-02-26,06-05,ICU,12
2026-02-26,06-05,Maternity,4
2026-02-26,07-10,ER,22
2026-02-26,07-10,ICU,20
2026-02-26,07-10,Maternity,7
2026-02-26,08-01,ER,29
2026-02-26,08-01,ICU,14
2026-02-26,08-01,Maternity,1
2026-02-26,PRIV06,ER,23
2026-02-26,PRIV06,ICU,12
2026-02-26,PRIV06,Maternity,6
2026-02-26,PRIV07,ER,23
2026-02-26,PRIV07,ICU,20
2026-02-26,PRIV07,Maternity,7
2026-02-26,PRIV08,ER,31
2026-02-26,PRIV08,ICU,7
2026-02-26,PRIV08,Maternity,8
2026-02-26,13-12,ER,22
2026-02-26,13-12,ICU,13
2026-02-26,13-12,Maternity,1
2026-02-26,14-07,ER,25
2026-02-26,14-07,ICU,20
2026-02-26,14-07,Maternity,4
2026-02-26,14-11,ER,30
2026-02-26,14-11,ICU,10
2026-02-26,14-11,Maternity,5
2026-02-26,01-22,ER,25
2026-02-26,01-22,ICU,10
2026-02-26,01-22,Maternity,8
2026-02-27,01-24,ER,44
2026-02-27,01-24,ICU,17
2026-02-27,01-24,Maternity,10
2026-02-27,01-23,ER,26
2026-02-27,01-23,ICU,18
2026-02-27,01-23,Maternity,6
2026-02-27,01-20,ER,25
2026-02-27,01-20,ICU,17
2026-02-27,01-20,Maternity,8
2026-02-27,01-02,ER,22
2026-02-27,01-02,ICU,13
2026-02-27,01-02,Maternity,8
2026-02-27,01-03,ER,24
2026-02-27,01-03,ICU,7
2026-02-27,01-03,Maternity,5
2026-02-27,01-21,ER,24
2026-02-27,01-21,ICU,10
2026-02-27,01-21,Maternity,3
2026-02-27,01-19,ER,27
2026-02-27,01-19,ICU,15
2026-02-27,01-19,Maternity,6
2026-02-27,PRIV01,ER,16
2026-02-27,PRIV01,ICU,9
2026-02-27,PRIV01,Maternity,6
2026-02-27,PRIV02,ER,34
2026-02-27,PRIV02,ICU,12
2026-02-27,PRIV02,Maternity,6
2026-02-27,PRIV03,ER,27
2026-02-27,PRIV03,ICU,14
2026-02-27,PRIV03,Maternity,10
2026-02-27,PRIV04,ER,28
2026-02-27,PRIV04,ICU,14
2026-02-27,PRIV04,Maternity,12
2026-02-27,PRIV05,ER,34
2026-02-27,PRIV05,ICU,11
2026-02-27,PRIV05,Maternity,5
2026-02-27,03-18,ER,23
2026-02-27,03-18,ICU,17
2026-02-27,03-18,Maternity,8
2026-02-27,04-16,ER,18
2026-02-27,04-16,ICU,9
2026-02-27,04-16,Maternity,13
2026-02-27,05-08,ER,18
2026-02-27,05-08,ICU,21
2026-02-27,05-08,Maternity,11
2026-02-27,05-17,ER,30
2026-02-27,05-17,ICU,14
2026-02-27,05-17,Maternity,7
2026-02-27,06-05,ER,21
2026-02-27,06-05,ICU,12
2026-02-27,06-05,Maternity,6
2026-02-27,07-10,ER,30
2026-02-27,07-10,ICU,11
2026-02-27,07-10,Maternity,6
2026-02-27,08-01,ER,31
2026-02-27,08-01,ICU,13
2026-02-27,08-01,Maternity,9
2026-02-27,PRIV06,ER,32
2026-02-27,PRIV06,ICU,8
2026-02-27,PRIV06,Maternity,4
2026-02-27,PRIV07,ER,23
2026-02-27,PRIV07,ICU,22
2026-02-27,PRIV07,Maternity,5
2026-02-27,PRIV08,ER,26
2026-02-27,PRIV08,ICU,13
2026-02-27,PRIV08,Maternity,6
2026-02-27,13-12,ER,27
2026-02-27,13-12,ICU,12
2026-02-27,13-12,Maternity,5
2026-02-27,14-07,ER,33
2026-02-27,14-07,ICU,11
2026-02-27,14-07,Maternity,7
2026-02-27,14-11,ER,20
2026-02-27,14-11,ICU,13
2026-02-27,14-11,Maternity,11
2026-02-27,01-22,ER,31
2026-02-27,01-22,ICU,7
2026-02-27,01-22,Maternity,7
2026-02-28,01-24,ER,26
2026-02-28,01-24,ICU,11
2026-02-28,01-24,Maternity,6
2026-02-28,01-23,ER,28
2026-02-28,01-23,ICU,6
2026-02-28,01-23,Maternity,7
2026-02-28,01-20,ER,29
2026-02-28,01-20,ICU,14
2026-02-28,01-20,Maternity,10
2026-02-28,01-02,ER,24
2026-02-28,01-02,ICU,17
2026-02-28,01-02,Maternity,9
2026-02-28,01-03,ER,37
2026-02-28,01-03,ICU,18
2026-02-28,01-03,Maternity,7
2026-02-28,01-21,ER,19
2026-02-28,01-21,ICU,12
2026-02-28,01-21,Maternity,7
2026-02-28,01-19,ER,33
2026-02-28,01-19,ICU,15
2026-02-28,01-19,Maternity,9
2026-02-28,PRIV01,ER,28
2026-02-28,PRIV01,ICU,20
2026-02-28,PRIV01,Maternity,5
2026-02-28,PRIV02,ER,30
2026-02-28,PRIV02,ICU,8
2026-02-28,PRIV02,Maternity,5
2026-02-28,PRIV03,ER,27
2026-02-28,PRIV03,ICU,13
2026-02-28,PRIV03,Maternity,8
2026-02-28,PRIV04,ER,24
2026-02-28,PRIV04,ICU,10
2026-02-28,PRIV04,Maternity,7
2026-02-28,PRIV05,ER,37
2026-02-28,PRIV05,ICU,12
2026-02-28,PRIV05,Maternity,8
2026-02-28,03-18,ER,28
2026-02-28,03-18,ICU,12
2026-02-28,03-18,Maternity,6
2026-02-28,04-16,ER,24
2026-02-28,04-16,ICU,10
2026-02-28,04-16,Maternity,5
2026-02-28,05-08,ER,27
2026-02-28,05-08,ICU,11
2026-02-28,05-08,Maternity,7
2026-02-28,05-17,ER,24
2026-02-28,05-17,ICU,9
2026-02-28,05-17,Maternity,9
2026-02-28,06-05,ER,21
2026-02-28,06-05,ICU,12
2026-02-28,06-05,Maternity,5
2026-02-28,07-10,ER,26
2026-02-28,07-10,ICU,11
2026-02-28,07-10,Maternity,6
2026-02-28,08-01,ER,20
2026-02-28,08-01,ICU,16
2026-02-28,08-01,Maternity,7
2026-02-28,PRIV06,ER,32
2026-02-28,PRIV06,ICU,18
2026-02-28,PRIV06,Maternity,6
2026-02-28,PRIV07,ER,25
2026-02-28,PRIV07,ICU,12
2026-02-28,PRIV07,Maternity,7
2026-02-28,PRIV08,ER,27
2026-02-28,PRIV08,ICU,11
2026-02-28,PRIV08,Maternity,5
2026-02-28,13-12,ER,17
2026-02-28,13-12,ICU,13
2026-02-28,13-12,Maternity,6
2026-02-28,14-07,ER,21
2026-02-28,14-07,ICU,13
2026-02-28,14-07,Maternity,8
2026-02-28,14-11,ER,20
2026-02-28,14-11,ICU,11
2026-02-28,14-11,Maternity,3
2026-02-28,01-22,ER,29
2026-02-28,01-22,ICU,11
2026-02-28,01-22,Maternity,3
2026-03-01,01-24,ER,19
2026-03-01,01-24,ICU,12
2026-03-01,01-24,Maternity,8
2026-03-01,01-23,ER,26
2026-03-01,01-23,ICU,14
2026-03-01,01-23,Maternity,6
2026-03-01,01-20,ER,24
2026-03-01,01-20,ICU,9
2026-03-01,01-20,Maternity,7
2026-03-01,01-02,ER,28
2026-03-01,01-02,ICU,12
2026-03-01,01-02,Maternity,4
2026-03-01,01-03,ER,24
2026-03-01,01-03,ICU,15
2026-03-01,01-03,Maternity,3
2026-03-01,01-21,ER,23
2026-03-01,01-21,ICU,11
2026-03-01,01-21,Maternity,7
2026-03-01,01-19,ER,24
2026-03-01,01-19,ICU,12
2026-03-01,01-19,Maternity,5
2026-03-01,PRIV01,ER,21
2026-03-01,PRIV01,ICU,14
2026-03-01,PRIV01,Maternity,7
2026-03-01,PRIV02,ER,25
2026-03-01,PRIV02,ICU,9
2026-03-01,PRIV02,Maternity,7
2026-03-01,PRIV03,ER,37
2026-03-01,PRIV03,ICU,9
2026-03-01,PRIV03,Maternity,4
2026-03-01,PRIV04,ER,27
2026-03-01,PRIV04,ICU,20
2026-03-01,PRIV04,Maternity,8
2026-03-01,PRIV05,ER,20
2026-03-01,PRIV05,ICU,9
2026-03-01,PRIV05,Maternity,4
2026-03-01,03-18,ER,15
2026-03-01,03-18,ICU,12
2026-03-01,03-18,Maternity,4
2026-03-01,04-16,ER,27
2026-03-01,04-16,ICU,13
2026-03-01,04-16,Maternity,10
2026-03-01,05-08,ER,26
2026-03-01,05-08,ICU,14
2026-03-01,05-08,Maternity,7
2026-03-01,05-17,ER,25
2026-03-01,05-17,ICU,12
2026-03-01,05-17,Maternity,8
2026-03-01,06-05,ER,21
2026-03-01,06-05,ICU,10
2026-03-01,06-05,Maternity,4
2026-03-01,07-10,ER,28
2026-03-01,07-10,ICU,10
2026-03-01,07-10,Maternity,6
2026-03-01,08-01,ER,20
2026-03-01,08-01,ICU,11
2026-03-01,08-01,Maternity,5
2026-03-01,PRIV06,ER,27
2026-03-01,PRIV06,ICU,13
2026-03-01,PRIV06,Maternity,2
2026-03-01,PRIV07,ER,19
2026-03-01,PRIV07,ICU,11
2026-03-01,PRIV07,Maternity,7
2026-03-01,PRIV08,ER,20
2026-03-01,PRIV08,ICU,15
2026-03-01,PRIV08,Maternity,5
2026-03-01,13-12,ER,32
2026-03-01,13-12,ICU,10
2026-03-01,13-12,Maternity,5
2026-03-01,14-07,ER,27
2026-03-01,14-07,ICU,17
2026-03-01,14-07,Maternity,10
2026-03-01,14-11,ER,30
2026-03-01,14-11,ICU,19
2026-03-01,14-11,Maternity,4
2026-03-01,01-22,ER,26
2026-03-01,01-22,ICU,18
2026-03-01,01-22,Maternity,4
2026-03-02,01-24,ER,29
2026-03-02,01-24,ICU,10
2026-03-02,01-24,Maternity,3
2026-03-02,01-23,ER,26
2026-03-02,01-23,ICU,11
2026-03-02,01-23,Maternity,10
2026-03-02,01-20,ER,29
2026-03-02,01-20,ICU,9
2026-03-02,01-20,Maternity,9
2026-03-02,01-02,ER,26
2026-03-02,01-02,ICU,15
2026-03-02,01-02,Maternity,6
2026-03-02,01-03,ER,17
2026-03-02,01-03,ICU,11
2026-03-02,01-03,Maternity,9
2026-03-02,01-21,ER,22
2026-03-02,01-21,ICU,17
2026-03-02,01-21,Maternity,5
2026-03-02,01-19,ER,30
2026-03-02,01-19,ICU,10
2026-03-02,01-19,Maternity,6
2026-03-02,PRIV01,ER,21
2026-03-02,PRIV01,ICU,10
2026-03-02,PRIV01,Maternity,5
2026-03-02,PRIV02,ER,23
2026-03-02,PRIV02,ICU,10
2026-03-02,PRIV02,Maternity,7
2026-03-02,PRIV03,ER,20
2026-03-02,PRIV03,ICU,16
2026-03-02,PRIV03,Maternity,5
2026-03-02,PRIV04,ER,23
2026-03-02,PRIV04,ICU,11
2026-03-02,PRIV04,Maternity,7
2026-03-02,PRIV05,ER,26
2026-03-02,PRIV05,ICU,13
2026-03-02,PRIV05,Maternity,10
2026-03-02,03-18,ER,23
2026-03-02,03-18,ICU,13
2026-03-02,03-18,Maternity,9
2026-03-02,04-16,ER,22
2026-03-02,04-16,ICU,12
2026-03-02,04-16,Maternity,5
2026-03-02,05-08,ER,26
2026-03-02,05-08,ICU,15
2026-03-02,05-08,Maternity,2
2026-03-02,05-17,ER,19
2026-03-02,05-17,ICU,21
2026-03-02,05-17,Maternity,9
2026-03-02,06-05,ER,26
2026-03-02,06-05,ICU,6
2026-03-02,06-05,Maternity,5
2026-03-02,07-10,ER,29
2026-03-02,07-10,ICU,10
2026-03-02,07-10,Maternity,4
2026-03-02,08-01,ER,26
2026-03-02,08-01,ICU,17
2026-03-02,08-01,Maternity,7
2026-03-02,PRIV06,ER,30
2026-03-02,PRIV06,ICU,10
2026-03-02,PRIV06,Maternity,8
2026-03-02,PRIV07,ER,30
2026-03-02,PRIV07,ICU,9
2026-03-02,PRIV07,Maternity,3
2026-03-02,PRIV08,ER,19
2026-03-02,PRIV08,ICU,8
2026-03-02,PRIV08,Maternity,11
2026-03-02,13-12,ER,28
2026-03-02,13-12,ICU,12
2026-03-02,13-12,Maternity,4
2026-03-02,14-07,ER,31
2026-03-02,14-07,ICU,18
2026-03-02,14-07,Maternity,9
2026-03-02,14-11,ER,19
2026-03-02,14-11,ICU,9
2026-03-02,14-11,Maternity,6
2026-03-02,01-22,ER,25
2026-03-02,01-22,ICU,18
2026-03-02,01-22,Maternity,6
2026-03-03,01-24,ER,27
2026-03-03,01-24,ICU,9
2026-03-03,01-24,Maternity,9
2026-03-03,01-23,ER,23
2026-03-03,01-23,ICU,8
2026-03-03,01-23,Maternity,4
2026-03-03,01-20,ER,18
2026-03-03,01-20,ICU,13
2026-03-03,01-20,Maternity,8
2026-03-03,01-02,ER,25
2026-03-03,01-02,ICU,16
2026-03-03,01-02,Maternity,4
2026-03-03,01-03,ER,33
2026-03-03,01-03,ICU,18
2026-03-03,01-03,Maternity,7
2026-03-03,01-21,ER,28
2026-03-03,01-21,ICU,11
2026-03-03,01-21,Maternity,5
2026-03-03,01-19,ER,19
2026-03-03,01-19,ICU,9
2026-03-03,01-19,Maternity,8
2026-03-03,PRIV01,ER,30
2026-03-03,PRIV01,ICU,11
2026-03-03,PRIV01,Maternity,11
2026-03-03,PRIV02,ER,29
2026-03-03,PRIV02,ICU,13
2026-03-03,PRIV02,Maternity,10
2026-03-03,PRIV03,ER,18
2026-03-03,PRIV03,ICU,6
2026-03-03,PRIV03,Maternity,8
2026-03-03,PRIV04,ER,24
2026-03-03,PRIV04,ICU,14
2026-03-03,PRIV04,Maternity,1
2026-03-03,PRIV05,ER,27
2026-03-03,PRIV05,ICU,19
2026-03-03,PRIV05,Maternity,3
2026-03-03,03-18,ER,15
2026-03-03,03-18,ICU,11
2026-03-03,03-18,Maternity,8
2026-03-03,04-16,ER,32
2026-03-03,04-16,ICU,9
2026-03-03,04-16,Maternity,6
2026-03-03,05-08,ER,26
2026-03-03,05-08,ICU,17
2026-03-03,05-08,Maternity,6
2026-03-03,05-17,ER,31
2026-03-03,05-17,ICU,15
2026-03-03,05-17,Maternity,5
2026-03-03,06-05,ER,26
2026-03-03,06-05,ICU,11
2026-03-03,06-05,Maternity,7
2026-03-03,07-10,ER,20
2026-03-03,07-10,ICU,7
2026-03-03,07-10,Maternity,5
2026-03-03,08-01,ER,28
2026-03-03,08-01,ICU,11
2026-03-03,08-01,Maternity,4
2026-03-03,PRIV06,ER,19
2026-03-03,PRIV06,ICU,11
2026-03-03,PRIV06,Maternity,6
2026-03-03,PRIV07,ER,20
2026-03-03,PRIV07,ICU,21
2026-03-03,PRIV07,Maternity,6
2026-03-03,PRIV08,ER,18
2026-03-03,PRIV08,ICU,20
2026-03-03,PRIV08,Maternity,4
2026-03-03,13-12,ER,26
2026-03-03,13-12,ICU,14
2026-03-03,13-12,Maternity,4
2026-03-03,14-07,ER,27
2026-03-03,14-07,ICU,9
2026-03-03,14-07,Maternity,6
2026-03-03,14-11,ER,17
2026-03-03,14-11,ICU,8
2026-03-03,14-11,Maternity,4
2026-03-03,01-22,ER,28
2026-03-03,01-22,ICU,12
2026-03-03,01-22,Maternity,1
2026-03-04,01-24,ER,28
2026-03-04,01-24,ICU,8
2026-03-04,01-24,Maternity,8
2026-03-04,01-23,ER,37
2026-03-04,01-23,ICU,10
2026-03-04,01-23,Maternity,5
2026-03-04,01-20,ER,33
2026-03-04,01-20,ICU,11
2026-03-04,01-20,Maternity,6
2026-03-04,01-02,ER,8
2026-03-04,01-02,ICU,13
2026-03-04,01-02,Maternity,4
2026-03-04,01-03,ER,29
2026-03-04,01-03,ICU,14
2026-03-04,01-03,Maternity,8
2026-03-04,01-21,ER,19
2026-03-04,01-21,ICU,5
2026-03-04,01-21,Maternity,3
2026-03-04,01-19,ER,22
2026-03-04,01-19,ICU,19
2026-03-04,01-19,Maternity,7
2026-03-04,PRIV01,ER,18
2026-03-04,PRIV01,ICU,15
2026-03-04,PRIV01,Maternity,10
2026-03-04,PRIV02,ER,20
2026-03-04,PRIV02,ICU,6
2026-03-04,PRIV02,Maternity,8
2026-03-04,PRIV03,ER,22
2026-03-04,PRIV03,ICU,16
2026-03-04,PRIV03,Maternity,5
2026-03-04,PRIV04,ER,18
2026-03-04,PRIV04,ICU,9
2026-03-04,PRIV04,Maternity,4
2026-03-04,PRIV05,ER,30
2026-03-04,PRIV05,ICU,14
2026-03-04,PRIV05,Maternity,5
2026-03-04,03-18,ER,28
2026-03-04,03-18,ICU,11
2026-03-04,03-18,Maternity,6
2026-03-04,04-16,ER,27
2026-03-04,04-16,ICU,13
2026-03-04,04-16,Maternity,0
2026-03-04,05-08,ER,25
2026-03-04,05-08,ICU,4
2026-03-04,05-08,Maternity,9
2026-03-04,05-17,ER,22
2026-03-04,05-17,ICU,9
2026-03-04,05-17,Maternity,5
2026-03-04,06-05,ER,26
2026-03-04,06-05,ICU,11
2026-03-04,06-05,Maternity,4
2026-03-04,07-10,ER,27
2026-03-04,07-10,ICU,15
2026-03-04,07-10,Maternity,6
2026-03-04,08-01,ER,25
2026-03-04,08-01,ICU,9
2026-03-04,08-01,Maternity,7
2026-03-04,PRIV06,ER,23
2026-03-04,PRIV06,ICU,6
2026-03-04,PRIV06,Maternity,1
2026-03-04,PRIV07,ER,23
2026-03-04,PRIV07,ICU,8
2026-03-04,PRIV07,Maternity,10
2026-03-04,PRIV08,ER,22
2026-03-04,PRIV08,ICU,15
2026-03-04,PRIV08,Maternity,6
2026-03-04,13-12,ER,26
2026-03-04,13-12,ICU,14
2026-03-04,13-12,Maternity,7
2026-03-04,14-07,ER,25
2026-03-04,14-07,ICU,13
2026-03-04,14-07,Maternity,6
2026-03-04,14-11,ER,19
2026-03-04,14-11,ICU,12
2026-03-04,14-11,Maternity,6
2026-03-04,01-22,ER,20
2026-03-04,01-22,ICU,25
2026-03-04,01-22,Maternity,2
2026-03-05,01-24,ER,20
2026-03-05,01-24,ICU,16
2026-03-05,01-24,Maternity,5
2026-03-05,01-23,ER,23
2026-03-05,01-23,ICU,13
2026-03-05,01-23,Maternity,8
2026-03-05,01-20,ER,23
2026-03-05,01-20,ICU,3
2026-03-05,01-20,Maternity,3
2026-03-05,01-02,ER,28
2026-03-05,01-02,ICU,17
2026-03-05,01-02,Maternity,4
2026-03-05,01-03,ER,30
2026-03-05,01-03,ICU,13
2026-03-05,01-03,Maternity,4
2026-03-05,01-21,ER,26
2026-03-05,01-21,ICU,13
2026-03-05,01-21,Maternity,5
2026-03-05,01-19,ER,20
2026-03-05,01-19,ICU,9
2026-03-05,01-19,Maternity,5
2026-03-05,PRIV01,ER,17
2026-03-05,PRIV01,ICU,9
2026-03-05,PRIV01,Maternity,4
2026-03-05,PRIV02,ER,28
2026-03-05,PRIV02,ICU,11
2026-03-05,PRIV02,Maternity,4
2026-03-05,PRIV03,ER,17
2026-03-05,PRIV03,ICU,7
2026-03-05,PRIV03,Maternity,2
2026-03-05,PRIV04,ER,21
2026-03-05,PRIV04,ICU,6
2026-03-05,PRIV04,Maternity,4
2026-03-05,PRIV05,ER,24
2026-03-05,PRIV05,ICU,10
2026-03-05,PRIV05,Maternity,6
2026-03-05,03-18,ER,17
2026-03-05,03-18,ICU,17
2026-03-05,03-18,Maternity,8
2026-03-05,04-16,ER,24
2026-03-05,04-16,ICU,10
2026-03-05,04-16,Maternity,6
2026-03-05,05-08,ER,24
2026-03-05,05-08,ICU,11
2026-03-05,05-08,Maternity,11
2026-03-05,05-17,ER,24
2026-03-05,05-17,ICU,14
2026-03-05,05-17,Maternity,6
2026-03-05,06-05,ER,23
2026-03-05,06-05,ICU,9
2026-03-05,06-05,Maternity,8
2026-03-05,07-10,ER,10
2026-03-05,07-10,ICU,10
2026-03-05,07-10,Maternity,3
2026-03-05,08-01,ER,23
2026-03-05,08-01,ICU,16
2026-03-05,08-01,Maternity,8
2026-03-05,PRIV06,ER,24
2026-03-05,PRIV06,ICU,13
2026-03-05,PRIV06,Maternity,4
2026-03-05,PRIV07,ER,23
2026-03-05,PRIV07,ICU,10
2026-03-05,PRIV07,Maternity,1
2026-03-05,PRIV08,ER,33
2026-03-05,PRIV08,ICU,9
2026-03-05,PRIV08,Maternity,12
2026-03-05,13-12,ER,27
2026-03-05,13-12,ICU,10
2026-03-05,13-12,Maternity,9
2026-03-05,14-07,ER,28
2026-03-05,14-07,ICU,15
2026-03-05,14-07,Maternity,6
2026-03-05,14-11,ER,19
2026-03-05,14-11,ICU,14
2026-03-05,14-11,Maternity,4
2026-03-05,01-22,ER,19
2026-03-05,01-22,ICU,11
2026-03-05,01-22,Maternity,8
2026-03-06,01-24,ER,25
2026-03-06,01-24,ICU,15
2026-03-06,01-24,Maternity,7
2026-03-06,01-23,ER,25
2026-03-06,01-23,ICU,12
2026-03-06,01-23,Maternity,4
2026-03-06,01-20,ER,25
2026-03-06,01-20,ICU,14
2026-03-06,01-20,Maternity,5
2026-03-06,01-02,ER,23
2026-03-06,01-02,ICU,14
2026-03-06,01-02,Maternity,8
2026-03-06,01-03,ER,32
2026-03-06,01-03,ICU,11
2026-03-06,01-03,Maternity,7
2026-03-06,01-21,ER,21
2026-03-06,01-21,ICU,14
2026-03-06,01-21,Maternity,3
2026-03-06,01-19,ER,17
2026-03-06,01-19,ICU,10
2026-03-06,01-19,Maternity,6
2026-03-06,PRIV01,ER,30
2026-03-06,PRIV01,ICU,6
2026-03-06,PRIV01,Maternity,10
2026-03-06,PRIV02,ER,26
2026-03-06,PRIV02,ICU,9
2026-03-06,PRIV02,Maternity,9
2026-03-06,PRIV03,ER,23
2026-03-06,PRIV03,ICU,11
2026-03-06,PRIV03,Maternity,6
2026-03-06,PRIV04,ER,20
2026-03-06,PRIV04,ICU,12
2026-03-06,PRIV04,Maternity,9
2026-03-06,PRIV05,ER,26
2026-03-06,PRIV05,ICU,13
2026-03-06,PRIV05,Maternity,3
2026-03-06,03-18,ER,22
2026-03-06,03-18,ICU,11
2026-03-06,03-18,Maternity,7
2026-03-06,04-16,ER,30
2026-03-06,04-16,ICU,8
2026-03-06,04-16,Maternity,9
2026-03-06,05-08,ER,26
2026-03-06,05-08,ICU,9
2026-03-06,05-08,Maternity,7
2026-03-06,05-17,ER,35
2026-03-06,05-17,ICU,13
2026-03-06,05-17,Maternity,3
2026-03-06,06-05,ER,22
2026-03-06,06-05,ICU,8
2026-03-06,06-05,Maternity,7
2026-03-06,07-10,ER,30
2026-03-06,07-10,ICU,7
2026-03-06,07-10,Maternity,3
2026-03-06,08-01,ER,24
2026-03-06,08-01,ICU,11
2026-03-06,08-01,Maternity,6
2026-03-06,PRIV06,ER,25
2026-03-06,PRIV06,ICU,15
2026-03-06,PRIV06,Maternity,7
2026-03-06,PRIV07,ER,21
2026-03-06,PRIV07,ICU,16
2026-03-06,PRIV07,Maternity,10
2026-03-06,PRIV08,ER,30
2026-03-06,PRIV08,ICU,12
2026-03-06,PRIV08,Maternity,5
2026-03-06,13-12,ER,22
2026-03-06,13-12,ICU,13
2026-03-06,13-12,Maternity,7
2026-03-06,14-07,ER,14
2026-03-06,14-07,ICU,8
2026-03-06,14-07,Maternity,5
2026-03-06,14-11,ER,27
2026-03-06,14-11,ICU,9
2026-03-06,14-11,Maternity,8
2026-03-06,01-22,ER,25
2026-03-06,01-22,ICU,9
2026-03-06,01-22,Maternity,8
2026-03-07,01-24,ER,18
2026-03-07,01-24,ICU,14
2026-03-07,01-24,Maternity,2
2026-03-07,01-23,ER,15
2026-03-07,01-23,ICU,13
2026-03-07,01-23,Maternity,4
2026-03-07,01-20,ER,21
2026-03-07,01-20,ICU,12
2026-03-07,01-20,Maternity,9
2026-03-07,01-02,ER,21
2026-03-07,01-02,ICU,16
2026-03-07,01-02,Maternity,4
2026-03-07,01-03,ER,22
2026-03-07,01-03,ICU,16
2026-03-07,01-03,Maternity,6
2026-03-07,01-21,ER,18
2026-03-07,01-21,ICU,12
2026-03-07,01-21,Maternity,9
2026-03-07,01-19,ER,25
2026-03-07,01-19,ICU,9
2026-03-07,01-19,Maternity,7
2026-03-07,PRIV01,ER,27
2026-03-07,PRIV01,ICU,17
2026-03-07,PRIV01,Maternity,9
2026-03-07,PRIV02,ER,23
2026-03-07,PRIV02,ICU,11
2026-03-07,PRIV02,Maternity,4
2026-03-07,PRIV03,ER,29
2026-03-07,PRIV03,ICU,13
2026-03-07,PRIV03,Maternity,9
2026-03-07,PRIV04,ER,26
2026-03-07,PRIV04,ICU,12
2026-03-07,PRIV04,Maternity,6
2026-03-07,PRIV05,ER,29
2026-03-07,PRIV05,ICU,10
2026-03-07,PRIV05,Maternity,12
2026-03-07,03-18,ER,27
2026-03-07,03-18,ICU,9
2026-03-07,03-18,Maternity,3
2026-03-07,04-16,ER,21
2026-03-07,04-16,ICU,13
2026-03-07,04-16,Maternity,6
2026-03-07,05-08,ER,24
2026-03-07,05-08,ICU,16
2026-03-07,05-08,Maternity,5
2026-03-07,05-17,ER,19
2026-03-07,05-17,ICU,22
2026-03-07,05-17,Maternity,2
2026-03-07,06-05,ER,30
2026-03-07,06-05,ICU,18
2026-03-07,06-05,Maternity,7
2026-03-07,07-10,ER,22
2026-03-07,07-10,ICU,12
2026-03-07,07-10,Maternity,8
2026-03-07,08-01,ER,25
2026-03-07,08-01,ICU,12
2026-03-07,08-01,Maternity,6
2026-03-07,PRIV06,ER,17
2026-03-07,PRIV06,ICU,16
2026-03-07,PRIV06,Maternity,7
2026-03-07,PRIV07,ER,31
2026-03-07,PRIV07,ICU,10
2026-03-07,PRIV07,Maternity,4
2026-03-07,PRIV08,ER,22
2026-03-07,PRIV08,ICU,8
2026-03-07,PRIV08,Maternity,5
2026-03-07,13-12,ER,22
2026-03-07,13-12,ICU,7
2026-03-07,13-12,Maternity,7
2026-03-07,14-07,ER,23
2026-03-07,14-07,ICU,13
2026-03-07,14-07,Maternity,7
2026-03-07,14-11,ER,23
2026-03-07,14-11,ICU,9
2026-03-07,14-11,Maternity,7
2026-03-07,01-22,ER,35
2026-03-07,01-22,ICU,13
2026-03-07,01-22,Maternity,10
2026-03-08,01-24,ER,16
2026-03-08,01-24,ICU,13
2026-03-08,01-24,Maternity,11
2026-03-08,01-23,ER,21
2026-03-08,01-23,ICU,10
2026-03-08,01-23,Maternity,5
2026-03-08,01-20,ER,25
2026-03-08,01-20,ICU,15
2026-03-08,01-20,Maternity,9
2026-03-08,01-02,ER,21
2026-03-08,01-02,ICU,12
2026-03-08,01-02,Maternity,7
2026-03-08,01-03,ER,22
2026-03-08,01-03,ICU,9
2026-03-08,01-03,Maternity,10
2026-03-08,01-21,ER,25
2026-03-08,01-21,ICU,14
2026-03-08,01-21,Maternity,6
2026-03-08,01-19,ER,25
2026-03-08,01-19,ICU,7
2026-03-08,01-19,Maternity,9
2026-03-08,PRIV01,ER,26
2026-03-08,PRIV01,ICU,11
2026-03-08,PRIV01,Maternity,5
2026-03-08,PRIV02,ER,15
2026-03-08,PRIV02,ICU,13
2026-03-08,PRIV02,Maternity,3
2026-03-08,PRIV03,ER,27
2026-03-08,PRIV03,ICU,9
2026-03-08,PRIV03,Maternity,8
2026-03-08,PRIV04,ER,23
2026-03-08,PRIV04,ICU,11
2026-03-08,PRIV04,Maternity,3
2026-03-08,PRIV05,ER,29
2026-03-08,PRIV05,ICU,17
2026-03-08,PRIV05,Maternity,6
2026-03-08,03-18,ER,26
2026-03-08,03-18,ICU,15
2026-03-08,03-18,Maternity,2
2026-03-08,04-16,ER,26
2026-03-08,04-16,ICU,17
2026-03-08,04-16,Maternity,2
2026-03-08,05-08,ER,34
2026-03-08,05-08,ICU,10
2026-03-08,05-08,Maternity,8
2026-03-08,05-17,ER,23
2026-03-08,05-17,ICU,11
2026-03-08,05-17,Maternity,11
2026-03-08,06-05,ER,31
2026-03-08,06-05,ICU,19
2026-03-08,06-05,Maternity,5
2026-03-08,07-10,ER,34
2026-03-08,07-10,ICU,12
2026-03-08,07-10,Maternity,3
2026-03-08,08-01,ER,21
2026-03-08,08-01,ICU,23
2026-03-08,08-01,Maternity,2
2026-03-08,PRIV06,ER,24
2026-03-08,PRIV06,ICU,7
2026-03-08,PRIV06,Maternity,9
2026-03-08,PRIV07,ER,35
2026-03-08,PRIV07,ICU,10
2026-03-08,PRIV07,Maternity,7
2026-03-08,PRIV08,ER,30
2026-03-08,PRIV08,ICU,16
2026-03-08,PRIV08,Maternity,2
2026-03-08,13-12,ER,18
2026-03-08,13-12,ICU,10
2026-03-08,13-12,Maternity,9
2026-03-08,14-07,ER,27
2026-03-08,14-07,ICU,9
2026-03-08,14-07,Maternity,7
2026-03-08,14-11,ER,34
2026-03-08,14-11,ICU,14
2026-03-08,14-11,Maternity,3
2026-03-08,01-22,ER,17
2026-03-08,01-22,ICU,11
2026-03-08,01-22,Maternity,3
2026-03-09,01-24,ER,22
2026-03-09,01-24,ICU,11
2026-03-09,01-24,Maternity,11
2026-03-09,01-23,ER,25
2026-03-09,01-23,ICU,14
2026-03-09,01-23,Maternity,8
2026-03-09,01-20,ER,26
2026-03-09,01-20,ICU,10
2026-03-09,01-20,Maternity,6
2026-03-09,01-02,ER,28
2026-03-09,01-02,ICU,13
2026-03-09,01-02,Maternity,7
2026-03-09,01-03,ER,28
2026-03-09,01-03,ICU,7
2026-03-09,01-03,Maternity,8
2026-03-09,01-21,ER,25
2026-03-09,01-21,ICU,15
2026-03-09,01-21,Maternity,3
2026-03-09,01-19,ER,21
2026-03-09,01-19,ICU,16
2026-03-09,01-19,Maternity,4
2026-03-09,PRIV01,ER,21
2026-03-09,PRIV01,ICU,18
2026-03-09,PRIV01,Maternity,5
2026-03-09,PRIV02,ER,17
2026-03-09,PRIV02,ICU,7
2026-03-09,PRIV02,Maternity,12
2026-03-09,PRIV03,ER,33
2026-03-09,PRIV03,ICU,17
2026-03-09,PRIV03,Maternity,3
2026-03-09,PRIV04,ER,23
2026-03-09,PRIV04,ICU,6
2026-03-09,PRIV04,Maternity,6
2026-03-09,PRIV05,ER,26
2026-03-09,PRIV05,ICU,15
2026-03-09,PRIV05,Maternity,6
2026-03-09,03-18,ER,24
2026-03-09,03-18,ICU,14
2026-03-09,03-18,Maternity,5
2026-03-09,04-16,ER,26
2026-03-09,04-16,ICU,15
2026-03-09,04-16,Maternity,11
2026-03-09,05-08,ER,12
2026-03-09,05-08,ICU,10
2026-03-09,05-08,Maternity,4
2026-03-09,05-17,ER,28
2026-03-09,05-17,ICU,9
2026-03-09,05-17,Maternity,6
2026-03-09,06-05,ER,18
2026-03-09,06-05,ICU,10
2026-03-09,06-05,Maternity,4
2026-03-09,07-10,ER,17
2026-03-09,07-10,ICU,17
2026-03-09,07-10,Maternity,6
2026-03-09,08-01,ER,17
2026-03-09,08-01,ICU,11
2026-03-09,08-01,Maternity,7
2026-03-09,PRIV06,ER,25
2026-03-09,PRIV06,ICU,15
2026-03-09,PRIV06,Maternity,7
2026-03-09,PRIV07,ER,20
2026-03-09,PRIV07,ICU,12
2026-03-09,PRIV07,Maternity,7
2026-03-09,PRIV08,ER,32
2026-03-09,PRIV08,ICU,20
2026-03-09,PRIV08,Maternity,6
2026-03-09,13-12,ER,22
2026-03-09,13-12,ICU,8
2026-03-09,13-12,Maternity,5
2026-03-09,14-07,ER,25
2026-03-09,14-07,ICU,19
2026-03-09,14-07,Maternity,4
2026-03-09,14-11,ER,31
2026-03-09,14-11,ICU,8
2026-03-09,14-11,Maternity,2
2026-03-09,01-22,ER,15
2026-03-09,01-22,ICU,9
2026-03-09,01-22,Maternity,5
2026-03-10,01-24,ER,32
2026-03-10,01-24,ICU,17
2026-03-10,01-24,Maternity,8
2026-03-10,01-23,ER,20
2026-03-10,01-23,ICU,13
2026-03-10,01-23,Maternity,7
2026-03-10,01-20,ER,26
2026-03-10,01-20,ICU,13
2026-03-10,01-20,Maternity,9
2026-03-10,01-02,ER,30
2026-03-10,01-02,ICU,8
2026-03-10,01-02,Maternity,3
2026-03-10,01-03,ER,21
2026-03-10,01-03,ICU,14
2026-03-10,01-03,Maternity,8
2026-03-10,01-21,ER,23
2026-03-10,01-21,ICU,15
2026-03-10,01-21,Maternity,5
2026-03-10,01-19,ER,11
2026-03-10,01-19,ICU,14
2026-03-10,01-19,Maternity,7
2026-03-10,PRIV01,ER,24
2026-03-10,PRIV01,ICU,15
2026-03-10,PRIV01,Maternity,4
2026-03-10,PRIV02,ER,21
2026-03-10,PRIV02,ICU,9
2026-03-10,PRIV02,Maternity,3
2026-03-10,PRIV03,ER,25
2026-03-10,PRIV03,ICU,11
2026-03-10,PRIV03,Maternity,8
2026-03-10,PRIV04,ER,20
2026-03-10,PRIV04,ICU,11
2026-03-10,PRIV04,Maternity,4
2026-03-10,PRIV05,ER,27
2026-03-10,PRIV05,ICU,14
2026-03-10,PRIV05,Maternity,6
2026-03-10,03-18,ER,26
2026-03-10,03-18,ICU,11
2026-03-10,03-18,Maternity,6
2026-03-10,04-16,ER,26
2026-03-10,04-16,ICU,11
2026-03-10,04-16,Maternity,2
2026-03-10,05-08,ER,22
2026-03-10,05-08,ICU,14
2026-03-10,05-08,Maternity,12
2026-03-10,05-17,ER,22
2026-03-10,05-17,ICU,14
2026-03-10,05-17,Maternity,6
2026-03-10,06-05,ER,25
2026-03-10,06-05,ICU,9
2026-03-10,06-05,Maternity,7
2026-03-10,07-10,ER,28
2026-03-10,07-10,ICU,11
2026-03-10,07-10,Maternity,7
2026-03-10,08-01,ER,29
2026-03-10,08-01,ICU,16
2026-03-10,08-01,Maternity,7
2026-03-10,PRIV06,ER,25
2026-03-10,PRIV06,ICU,11
2026-03-10,PRIV06,Maternity,9
2026-03-10,PRIV07,ER,21
2026-03-10,PRIV07,ICU,12
2026-03-10,PRIV07,Maternity,7
2026-03-10,PRIV08,ER,22
2026-03-10,PRIV08,ICU,10
2026-03-10,PRIV08,Maternity,9
2026-03-10,13-12,ER,20
2026-03-10,13-12,ICU,16
2026-03-10,13-12,Maternity,9
2026-03-10,14-07,ER,25
2026-03-10,14-07,ICU,13
2026-03-10,14-07,Maternity,12
2026-03-10,14-11,ER,17
2026-03-10,14-11,ICU,7
2026-03-10,14-11,Maternity,4
2026-03-10,01-22,ER,20
2026-03-10,01-22,ICU,10
2026-03-10,01-22,Maternity,7
2026-03-11,01-24,ER,19
2026-03-11,01-24,ICU,8
2026-03-11,01-24,Maternity,1
2026-03-11,01-23,ER,25
2026-03-11,01-23,ICU,15
2026-03-11,01-23,Maternity,11
2026-03-11,01-20,ER,32
2026-03-11,01-20,ICU,14
2026-03-11,01-20,Maternity,12
2026-03-11,01-02,ER,36
2026-03-11,01-02,ICU,12
2026-03-11,01-02,Maternity,6
2026-03-11,01-03,ER,30
2026-03-11,01-03,ICU,6
2026-03-11,01-03,Maternity,6
2026-03-11,01-21,ER,27
2026-03-11,01-21,ICU,12
2026-03-11,01-21,Maternity,3
2026-03-11,01-19,ER,22
2026-03-11,01-19,ICU,11
2026-03-11,01-19,Maternity,9
2026-03-11,PRIV01,ER,23
2026-03-11,PRIV01,ICU,10
2026-03-11,PRIV01,Maternity,7
2026-03-11,PRIV02,ER,29
2026-03-11,PRIV02,ICU,5
2026-03-11,PRIV02,Maternity,8
2026-03-11,PRIV03,ER,21
2026-03-11,PRIV03,ICU,10
2026-03-11,PRIV03,Maternity,6
2026-03-11,PRIV04,ER,23
2026-03-11,PRIV04,ICU,12
2026-03-11,PRIV04,Maternity,5
2026-03-11,PRIV05,ER,31
2026-03-11,PRIV05,ICU,15
2026-03-11,PRIV05,Maternity,12
2026-03-11,03-18,ER,18
2026-03-11,03-18,ICU,7
2026-03-11,03-18,Maternity,6
2026-03-11,04-16,ER,19
2026-03-11,04-16,ICU,10
2026-03-11,04-16,Maternity,5
2026-03-11,05-08,ER,29
2026-03-11,05-08,ICU,15
2026-03-11,05-08,Maternity,6
2026-03-11,05-17,ER,21
2026-03-11,05-17,ICU,11
2026-03-11,05-17,Maternity,7
2026-03-11,06-05,ER,31
2026-03-11,06-05,ICU,13
2026-03-11,06-05,Maternity,10
2026-03-11,07-10,ER,24
2026-03-11,07-10,ICU,16
2026-03-11,07-10,Maternity,7
2026-03-11,08-01,ER,31
2026-03-11,08-01,ICU,10
2026-03-11,08-01,Maternity,3
2026-03-11,PRIV06,ER,28
2026-03-11,PRIV06,ICU,10
2026-03-11,PRIV06,Maternity,7
2026-03-11,PRIV07,ER,18
2026-03-11,PRIV07,ICU,12
2026-03-11,PRIV07,Maternity,6
2026-03-11,PRIV08,ER,23
2026-03-11,PRIV08,ICU,14
2026-03-11,PRIV08,Maternity,4
2026-03-11,13-12,ER,23
2026-03-11,13-12,ICU,12
2026-03-11,13-12,Maternity,5
2026-03-11,14-07,ER,24
2026-03-11,14-07,ICU,10
2026-03-11,14-07,Maternity,8
2026-03-11,14-11,ER,15
2026-03-11,14-11,ICU,16
2026-03-11,14-11,Maternity,8
2026-03-11,01-22,ER,29
2026-03-11,01-22,ICU,10
2026-03-11,01-22,Maternity,2
2026-03-12,01-24,ER,23
2026-03-12,01-24,ICU,17
2026-03-12,01-24,Maternity,6
2026-03-12,01-23,ER,19
2026-03-12,01-23,ICU,14
2026-03-12,01-23,Maternity,5
2026-03-12,01-20,ER,27
2026-03-12,01-20,ICU,12
2026-03-12,01-20,Maternity,6
2026-03-12,01-02,ER,17
2026-03-12,01-02,ICU,10
2026-03-12,01-02,Maternity,8
2026-03-12,01-03,ER,19
2026-03-12,01-03,ICU,14
2026-03-12,01-03,Maternity,3
2026-03-12,01-21,ER,29
2026-03-12,01-21,ICU,13
2026-03-12,01-21,Maternity,6
2026-03-12,01-19,ER,19
2026-03-12,01-19,ICU,10
2026-03-12,01-19,Maternity,5
2026-03-12,PRIV01,ER,29
2026-03-12,PRIV01,ICU,15
2026-03-12,PRIV01,Maternity,11
2026-03-12,PRIV02,ER,27
2026-03-12,PRIV02,ICU,8
2026-03-12,PRIV02,Maternity,13
2026-03-12,PRIV03,ER,23
2026-03-12,PRIV03,ICU,4
2026-03-12,PRIV03,Maternity,7
2026-03-12,PRIV04,ER,21
2026-03-12,PRIV04,ICU,10
2026-03-12,PRIV04,Maternity,7
2026-03-12,PRIV05,ER,22
2026-03-12,PRIV05,ICU,16
2026-03-12,PRIV05,Maternity,3
2026-03-12,03-18,ER,12
2026-03-12,03-18,ICU,13
2026-03-12,03-18,Maternity,10
2026-03-12,04-16,ER,32
2026-03-12,04-16,ICU,11
2026-03-12,04-16,Maternity,7
2026-03-12,05-08,ER,23
2026-03-12,05-08,ICU,12
2026-03-12,05-08,Maternity,5
2026-03-12,05-17,ER,20
2026-03-12,05-17,ICU,5
2026-03-12,05-17,Maternity,4
2026-03-12,06-05,ER,22
2026-03-12,06-05,ICU,11
2026-03-12,06-05,Maternity,4
2026-03-12,07-10,ER,20
2026-03-12,07-10,ICU,10
2026-03-12,07-10,Maternity,5
2026-03-12,08-01,ER,17
2026-03-12,08-01,ICU,17
2026-03-12,08-01,Maternity,5
2026-03-12,PRIV06,ER,30
2026-03-12,PRIV06,ICU,8
2026-03-12,PRIV06,Maternity,10
2026-03-12,PRIV07,ER,21
2026-03-12,PRIV07,ICU,15
2026-03-12,PRIV07,Maternity,10
2026-03-12,PRIV08,ER,22
2026-03-12,PRIV08,ICU,15
2026-03-12,PRIV08,Maternity,12
2026-03-12,13-12,ER,25
2026-03-12,13-12,ICU,10
2026-03-12,13-12,Maternity,5
2026-03-12,14-07,ER,27
2026-03-12,14-07,ICU,14
2026-03-12,14-07,Maternity,6
2026-03-12,14-11,ER,22
2026-03-12,14-11,ICU,11
2026-03-12,14-11,Maternity,5
2026-03-12,01-22,ER,36
2026-03-12,01-22,ICU,13
2026-03-12,01-22,Maternity,6
2026-03-13,01-24,ER,20
2026-03-13,01-24,ICU,7
2026-03-13,01-24,Maternity,2
2026-03-13,01-23,ER,24
2026-03-13,01-23,ICU,11
2026-03-13,01-23,Maternity,7
2026-03-13,01-20,ER,24
2026-03-13,01-20,ICU,14
2026-03-13,01-20,Maternity,1
2026-03-13,01-02,ER,17
2026-03-13,01-02,ICU,9
2026-03-13,01-02,Maternity,8
2026-03-13,01-03,ER,29
2026-03-13,01-03,ICU,13
2026-03-13,01-03,Maternity,6
2026-03-13,01-21,ER,32
2026-03-13,01-21,ICU,14
2026-03-13,01-21,Maternity,7
2026-03-13,01-19,ER,23
2026-03-13,01-19,ICU,9
2026-03-13,01-19,Maternity,8
2026-03-13,PRIV01,ER,21
2026-03-13,PRIV01,ICU,12
2026-03-13,PRIV01,Maternity,4
2026-03-13,PRIV02,ER,25
2026-03-13,PRIV02,ICU,7
2026-03-13,PRIV02,Maternity,4
2026-03-13,PRIV03,ER,14
2026-03-13,PRIV03,ICU,15
2026-03-13,PRIV03,Maternity,4
2026-03-13,PRIV04,ER,13
2026-03-13,PRIV04,ICU,8
2026-03-13,PRIV04,Maternity,8
2026-03-13,PRIV05,ER,26
2026-03-13,PRIV05,ICU,11
2026-03-13,PRIV05,Maternity,7
2026-03-13,03-18,ER,24
2026-03-13,03-18,ICU,11
2026-03-13,03-18,Maternity,7
2026-03-13,04-16,ER,23
2026-03-13,04-16,ICU,10
2026-03-13,04-16,Maternity,10
2026-03-13,05-08,ER,23
2026-03-13,05-08,ICU,11
2026-03-13,05-08,Maternity,1
2026-03-13,05-17,ER,28
2026-03-13,05-17,ICU,15
2026-03-13,05-17,Maternity,11
2026-03-13,06-05,ER,29
2026-03-13,06-05,ICU,13
2026-03-13,06-05,Maternity,6
2026-03-13,07-10,ER,15
2026-03-13,07-10,ICU,14
2026-03-13,07-10,Maternity,5
2026-03-13,08-01,ER,32
2026-03-13,08-01,ICU,6
2026-03-13,08-01,Maternity,3
2026-03-13,PRIV06,ER,24
2026-03-13,PRIV06,ICU,14
2026-03-13,PRIV06,Maternity,9
2026-03-13,PRIV07,ER,19
2026-03-13,PRIV07,ICU,10
2026-03-13,PRIV07,Maternity,9
2026-03-13,PRIV08,ER,21
2026-03-13,PRIV08,ICU,13
2026-03-13,PRIV08,Maternity,4
2026-03-13,13-12,ER,29
2026-03-13,13-12,ICU,14
2026-03-13,13-12,Maternity,8
2026-03-13,14-07,ER,16
2026-03-13,14-07,ICU,11
2026-03-13,14-07,Maternity,6
2026-03-13,14-11,ER,16
2026-03-13,14-11,ICU,10
2026-03-13,14-11,Maternity,8
2026-03-13,01-22,ER,24
2026-03-13,01-22,ICU,11
2026-03-13,01-22,Maternity,5
2026-03-14,01-24,ER,30
2026-03-14,01-24,ICU,12
2026-03-14,01-24,Maternity,7
2026-03-14,01-23,ER,23
2026-03-14,01-23,ICU,16
2026-03-14,01-23,Maternity,8
2026-03-14,01-20,ER,25
2026-03-14,01-20,ICU,15
2026-03-14,01-20,Maternity,5
2026-03-14,01-02,ER,29
2026-03-14,01-02,ICU,11
2026-03-14,01-02,Maternity,7
2026-03-14,01-03,ER,16
2026-03-14,01-03,ICU,10
2026-03-14,01-03,Maternity,6
2026-03-14,01-21,ER,16
2026-03-14,01-21,ICU,9
2026-03-14,01-21,Maternity,7
2026-03-14,01-19,ER,24
2026-03-14,01-19,ICU,6
2026-03-14,01-19,Maternity,6
2026-03-14,PRIV01,ER,26
2026-03-14,PRIV01,ICU,16
2026-03-14,PRIV01,Maternity,6
2026-03-14,PRIV02,ER,23
2026-03-14,PRIV02,ICU,18
2026-03-14,PRIV02,Maternity,2
2026-03-14,PRIV03,ER,22
2026-03-14,PRIV03,ICU,13
2026-03-14,PRIV03,Maternity,8
2026-03-14,PRIV04,ER,24
2026-03-14,PRIV04,ICU,12
2026-03-14,PRIV04,Maternity,4
2026-03-14,PRIV05,ER,21
2026-03-14,PRIV05,ICU,8
2026-03-14,PRIV05,Maternity,5
2026-03-14,03-18,ER,16
2026-03-14,03-18,ICU,13
2026-03-14,03-18,Maternity,2
2026-03-14,04-16,ER,20
2026-03-14,04-16,ICU,14
2026-03-14,04-16,Maternity,2
2026-03-14,05-08,ER,31
2026-03-14,05-08,ICU,14
2026-03-14,05-08,Maternity,3
2026-03-14,05-17,ER,27
2026-03-14,05-17,ICU,10
2026-03-14,05-17,Maternity,5
2026-03-14,06-05,ER,20
2026-03-14,06-05,ICU,12
2026-03-14,06-05,Maternity,9
2026-03-14,07-10,ER,21
2026-03-14,07-10,ICU,13
2026-03-14,07-10,Maternity,7
2026-03-14,08-01,ER,15
2026-03-14,08-01,ICU,13
2026-03-14,08-01,Maternity,3
2026-03-14,PRIV06,ER,29
2026-03-14,PRIV06,ICU,7
2026-03-14,PRIV06,Maternity,2
2026-03-14,PRIV07,ER,23
2026-03-14,PRIV07,ICU,9
2026-03-14,PRIV07,Maternity,4
2026-03-14,PRIV08,ER,23
2026-03-14,PRIV08,ICU,16
2026-03-14,PRIV08,Maternity,3
2026-03-14,13-12,ER,14
2026-03-14,13-12,ICU,11
2026-03-14,13-12,Maternity,2
2026-03-14,14-07,ER,25
2026-03-14,14-07,ICU,14
2026-03-14,14-07,Maternity,7
2026-03-14,14-11,ER,29
2026-03-14,14-11,ICU,6
2026-03-14,14-11,Maternity,3
2026-03-14,01-22,ER,14
2026-03-14,01-22,ICU,16
2026-03-14,01-22,Maternity,4
2026-03-15,01-24,ER,31
2026-03-15,01-24,ICU,12
2026-03-15,01-24,Maternity,5
2026-03-15,01-23,ER,24
2026-03-15,01-23,ICU,7
2026-03-15,01-23,Maternity,6
2026-03-15,01-20,ER,29
2026-03-15,01-20,ICU,10
2026-03-15,01-20,Maternity,9
2026-03-15,01-02,ER,26
2026-03-15,01-02,ICU,10
2026-03-15,01-02,Maternity,4
2026-03-15,01-03,ER,23
2026-03-15,01-03,ICU,13
2026-03-15,01-03,Maternity,9
2026-03-15,01-21,ER,21
2026-03-15,01-21,ICU,12
2026-03-15,01-21,Maternity,7
2026-03-15,01-19,ER,24
2026-03-15,01-19,ICU,8
2026-03-15,01-19,Maternity,5
2026-03-15,PRIV01,ER,27
2026-03-15,PRIV01,ICU,5
2026-03-15,PRIV01,Maternity,5
2026-03-15,PRIV02,ER,27
2026-03-15,PRIV02,ICU,13
2026-03-15,PRIV02,Maternity,2
2026-03-15,PRIV03,ER,25
2026-03-15,PRIV03,ICU,15
2026-03-15,PRIV03,Maternity,9
2026-03-15,PRIV04,ER,26
2026-03-15,PRIV04,ICU,13
2026-03-15,PRIV04,Maternity,11
2026-03-15,PRIV05,ER,21
2026-03-15,PRIV05,ICU,8
2026-03-15,PRIV05,Maternity,3
2026-03-15,03-18,ER,24
2026-03-15,03-18,ICU,19
2026-03-15,03-18,Maternity,8
2026-03-15,04-16,ER,28
2026-03-15,04-16,ICU,6
2026-03-15,04-16,Maternity,5
2026-03-15,05-08,ER,27
2026-03-15,05-08,ICU,15
2026-03-15,05-08,Maternity,4
2026-03-15,05-17,ER,14
2026-03-15,05-17,ICU,8
2026-03-15,05-17,Maternity,6
2026-03-15,06-05,ER,17
2026-03-15,06-05,ICU,11
2026-03-15,06-05,Maternity,6
2026-03-15,07-10,ER,37
2026-03-15,07-10,ICU,12
2026-03-15,07-10,Maternity,7
2026-03-15,08-01,ER,21
2026-03-15,08-01,ICU,9
2026-03-15,08-01,Maternity,8
2026-03-15,PRIV06,ER,30
2026-03-15,PRIV06,ICU,15
2026-03-15,PRIV06,Maternity,5
2026-03-15,PRIV07,ER,27
2026-03-15,PRIV07,ICU,9
2026-03-15,PRIV07,Maternity,3
2026-03-15,PRIV08,ER,23
2026-03-15,PRIV08,ICU,12
2026-03-15,PRIV08,Maternity,3
2026-03-15,13-12,ER,20
2026-03-15,13-12,ICU,10
2026-03-15,13-12,Maternity,9
2026-03-15,14-07,ER,26
2026-03-15,14-07,ICU,10
2026-03-15,14-07,Maternity,3
2026-03-15,14-11,ER,24
2026-03-15,14-11,ICU,13
2026-03-15,14-11,Maternity,9
2026-03-15,01-22,ER,20
2026-03-15,01-22,ICU,8
2026-03-15,01-22,Maternity,9
2026-03-16,01-24,ER,24
2026-03-16,01-24,ICU,8
2026-03-16,01-24,Maternity,5
2026-03-16,01-23,ER,27
2026-03-16,01-23,ICU,10
2026-03-16,01-23,Maternity,6
2026-03-16,01-20,ER,26
2026-03-16,01-20,ICU,16
2026-03-16,01-20,Maternity,9
2026-03-16,01-02,ER,20
2026-03-16,01-02,ICU,8
2026-03-16,01-02,Maternity,8
2026-03-16,01-03,ER,27
2026-03-16,01-03,ICU,17
2026-03-16,01-03,Maternity,6
2026-03-16,01-21,ER,30
2026-03-16,01-21,ICU,10
2026-03-16,01-21,Maternity,7
2026-03-16,01-19,ER,18
2026-03-16,01-19,ICU,17
2026-03-16,01-19,Maternity,4
2026-03-16,PRIV01,ER,26
2026-03-16,PRIV01,ICU,17
2026-03-16,PRIV01,Maternity,6
2026-03-16,PRIV02,ER,23
2026-03-16,PRIV02,ICU,10
2026-03-16,PRIV02,Maternity,8
2026-03-16,PRIV03,ER,26
2026-03-16,PRIV03,ICU,14
2026-03-16,PRIV03,Maternity,10
2026-03-16,PRIV04,ER,33
2026-03-16,PRIV04,ICU,11
2026-03-16,PRIV04,Maternity,9
2026-03-16,PRIV05,ER,33
2026-03-16,PRIV05,ICU,21
2026-03-16,PRIV05,Maternity,4
2026-03-16,03-18,ER,37
2026-03-16,03-18,ICU,12
2026-03-16,03-18,Maternity,6
2026-03-16,04-16,ER,25
2026-03-16,04-16,ICU,11
2026-03-16,04-16,Maternity,3
2026-03-16,05-08,ER,29
2026-03-16,05-08,ICU,12
2026-03-16,05-08,Maternity,5
2026-03-16,05-17,ER,21
2026-03-16,05-17,ICU,15
2026-03-16,05-17,Maternity,6
2026-03-16,06-05,ER,21
2026-03-16,06-05,ICU,13
2026-03-16,06-05,Maternity,5
2026-03-16,07-10,ER,18
2026-03-16,07-10,ICU,18
2026-03-16,07-10,Maternity,11
2026-03-16,08-01,ER,23
2026-03-16,08-01,ICU,13
2026-03-16,08-01,Maternity,6
2026-03-16,PRIV06,ER,28
2026-03-16,PRIV06,ICU,11
2026-03-16,PRIV06,Maternity,9
2026-03-16,PRIV07,ER,29
2026-03-16,PRIV07,ICU,23
2026-03-16,PRIV07,Maternity,6
2026-03-16,PRIV08,ER,31
2026-03-16,PRIV08,ICU,16
2026-03-16,PRIV08,Maternity,5
2026-03-16,13-12,ER,15
2026-03-16,13-12,ICU,8
2026-03-16,13-12,Maternity,5
2026-03-16,14-07,ER,24
2026-03-16,14-07,ICU,18
2026-03-16,14-07,Maternity,9
2026-03-16,14-11,ER,27
2026-03-16,14-11,ICU,12
2026-03-16,14-11,Maternity,6
2026-03-16,01-22,ER,27
2026-03-16,01-22,ICU,13
2026-03-16,01-22,Maternity,10
2026-03-17,01-24,ER,22
2026-03-17,01-24,ICU,16
2026-03-17,01-24,Maternity,1
2026-03-17,01-23,ER,33
2026-03-17,01-23,ICU,13
2026-03-17,01-23,Maternity,11
2026-03-17,01-20,ER,19
2026-03-17,01-20,ICU,13
2026-03-17,01-20,Maternity,5
2026-03-17,01-02,ER,21
2026-03-17,01-02,ICU,6
2026-03-17,01-02,Maternity,8
2026-03-17,01-03,ER,18
2026-03-17,01-03,ICU,14
2026-03-17,01-03,Maternity,8
2026-03-17,01-21,ER,26
2026-03-17,01-21,ICU,12
2026-03-17,01-21,Maternity,6
2026-03-17,01-19,ER,30
2026-03-17,01-19,ICU,17
2026-03-17,01-19,Maternity,3
2026-03-17,PRIV01,ER,23
2026-03-17,PRIV01,ICU,13
2026-03-17,PRIV01,Maternity,5
2026-03-17,PRIV02,ER,20
2026-03-17,PRIV02,ICU,13
2026-03-17,PRIV02,Maternity,7
2026-03-17,PRIV03,ER,17
2026-03-17,PRIV03,ICU,13
2026-03-17,PRIV03,Maternity,6
2026-03-17,PRIV04,ER,17
2026-03-17,PRIV04,ICU,7
2026-03-17,PRIV04,Maternity,8
2026-03-17,PRIV05,ER,34
2026-03-17,PRIV05,ICU,7
2026-03-17,PRIV05,Maternity,10
2026-03-17,03-18,ER,29
2026-03-17,03-18,ICU,12
2026-03-17,03-18,Maternity,6
2026-03-17,04-16,ER,29
2026-03-17,04-16,ICU,11
2026-03-17,04-16,Maternity,3
2026-03-17,05-08,ER,23
2026-03-17,05-08,ICU,16
2026-03-17,05-08,Maternity,4
2026-03-17,05-17,ER,22
2026-03-17,05-17,ICU,12
2026-03-17,05-17,Maternity,9
2026-03-17,06-05,ER,26
2026-03-17,06-05,ICU,10
2026-03-17,06-05,Maternity,5
2026-03-17,07-10,ER,22
2026-03-17,07-10,ICU,19
2026-03-17,07-10,Maternity,9
2026-03-17,08-01,ER,22
2026-03-17,08-01,ICU,12
2026-03-17,08-01,Maternity,9
2026-03-17,PRIV06,ER,29
2026-03-17,PRIV06,ICU,12
2026-03-17,PRIV06,Maternity,9
2026-03-17,PRIV07,ER,27
2026-03-17,PRIV07,ICU,15
2026-03-17,PRIV07,Maternity,5
2026-03-17,PRIV08,ER,19
2026-03-17,PRIV08,ICU,13
2026-03-17,PRIV08,Maternity,6
2026-03-17,13-12,ER,32
2026-03-17,13-12,ICU,15
2026-03-17,13-12,Maternity,4
2026-03-17,14-07,ER,30
2026-03-17,14-07,ICU,8
2026-03-17,14-07,Maternity,3
2026-03-17,14-11,ER,22
2026-03-17,14-11,ICU,14
2026-03-17,14-11,Maternity,3
2026-03-17,01-22,ER,37
2026-03-17,01-22,ICU,12
2026-03-17,01-22,Maternity,4
2026-03-18,01-24,ER,32
2026-03-18,01-24,ICU,12
2026-03-18,01-24,Maternity,11
2026-03-18,01-23,ER,26
2026-03-18,01-23,ICU,15
2026-03-18,01-23,Maternity,4
2026-03-18,01-20,ER,24
2026-03-18,01-20,ICU,8
2026-03-18,01-20,Maternity,3
2026-03-18,01-02,ER,29
2026-03-18,01-02,ICU,8
2026-03-18,01-02,Maternity,8
2026-03-18,01-03,ER,34
2026-03-18,01-03,ICU,11
2026-03-18,01-03,Maternity,11
2026-03-18,01-21,ER,31
2026-03-18,01-21,ICU,13
2026-03-18,01-21,Maternity,6
2026-03-18,01-19,ER,31
2026-03-18,01-19,ICU,12
2026-03-18,01-19,Maternity,4
2026-03-18,PRIV01,ER,28
2026-03-18,PRIV01,ICU,18
2026-03-18,PRIV01,Maternity,5
2026-03-18,PRIV02,ER,21
2026-03-18,PRIV02,ICU,19
2026-03-18,PRIV02,Maternity,5
2026-03-18,PRIV03,ER,25
2026-03-18,PRIV03,ICU,9
2026-03-18,PRIV03,Maternity,8
2026-03-18,PRIV04,ER,26
2026-03-18,PRIV04,ICU,12
2026-03-18,PRIV04,Maternity,4
2026-03-18,PRIV05,ER,20
2026-03-18,PRIV05,ICU,14
2026-03-18,PRIV05,Maternity,6
2026-03-18,03-18,ER,32
2026-03-18,03-18,ICU,16
2026-03-18,03-18,Maternity,9
2026-03-18,04-16,ER,19
2026-03-18,04-16,ICU,18
2026-03-18,04-16,Maternity,7
2026-03-18,05-08,ER,22
2026-03-18,05-08,ICU,11
2026-03-18,05-08,Maternity,8
2026-03-18,05-17,ER,22
2026-03-18,05-17,ICU,11
2026-03-18,05-17,Maternity,6
2026-03-18,06-05,ER,24
2026-03-18,06-05,ICU,15
2026-03-18,06-05,Maternity,5
2026-03-18,07-10,ER,15
2026-03-18,07-10,ICU,15
2026-03-18,07-10,Maternity,1
2026-03-18,08-01,ER,23
2026-03-18,08-01,ICU,6
2026-03-18,08-01,Maternity,5
2026-03-18,PRIV06,ER,33
2026-03-18,PRIV06,ICU,6
2026-03-18,PRIV06,Maternity,11
2026-03-18,PRIV07,ER,26
2026-03-18,PRIV07,ICU,13
2026-03-18,PRIV07,Maternity,5
2026-03-18,PRIV08,ER,21
2026-03-18,PRIV08,ICU,13
2026-03-18,PRIV08,Maternity,3
2026-03-18,13-12,ER,25
2026-03-18,13-12,ICU,18
2026-03-18,13-12,Maternity,4
2026-03-18,14-07,ER,25
2026-03-18,14-07,ICU,8
2026-03-18,14-07,Maternity,5
2026-03-18,14-11,ER,23
2026-03-18,14-11,ICU,12
2026-03-18,14-11,Maternity,8
2026-03-18,01-22,ER,24
2026-03-18,01-22,ICU,8
2026-03-18,01-22,Maternity,3
2026-03-19,01-24,ER,18
2026-03-19,01-24,ICU,7
2026-03-19,01-24,Maternity,6
2026-03-19,01-23,ER,19
2026-03-19,01-23,ICU,15
2026-03-19,01-23,Maternity,10
2026-03-19,01-20,ER,25
2026-03-19,01-20,ICU,9
2026-03-19,01-20,Maternity,8
2026-03-19,01-02,ER,23
2026-03-19,01-02,ICU,12
2026-03-19,01-02,Maternity,3
2026-03-19,01-03,ER,20
2026-03-19,01-03,ICU,15
2026-03-19,01-03,Maternity,6
2026-03-19,01-21,ER,23
2026-03-19,01-21,ICU,9
2026-03-19,01-21,Maternity,2
2026-03-19,01-19,ER,24
2026-03-19,01-19,ICU,10
2026-03-19,01-19,Maternity,2
2026-03-19,PRIV01,ER,23
2026-03-19,PRIV01,ICU,11
2026-03-19,PRIV01,Maternity,2
2026-03-19,PRIV02,ER,25
2026-03-19,PRIV02,ICU,14
2026-03-19,PRIV02,Maternity,11
2026-03-19,PRIV03,ER,17
2026-03-19,PRIV03,ICU,12
2026-03-19,PRIV03,Maternity,3
2026-03-19,PRIV04,ER,21
2026-03-19,PRIV04,ICU,11
2026-03-19,PRIV04,Maternity,9
2026-03-19,PRIV05,ER,15
2026-03-19,PRIV05,ICU,14
2026-03-19,PRIV05,Maternity,10
2026-03-19,03-18,ER,25
2026-03-19,03-18,ICU,14
2026-03-19,03-18,Maternity,4
2026-03-19,04-16,ER,35
2026-03-19,04-16,ICU,13
2026-03-19,04-16,Maternity,8
2026-03-19,05-08,ER,27
2026-03-19,05-08,ICU,17
2026-03-19,05-08,Maternity,3
2026-03-19,05-17,ER,36
2026-03-19,05-17,ICU,10
2026-03-19,05-17,Maternity,7
2026-03-19,06-05,ER,22
2026-03-19,06-05,ICU,8
2026-03-19,06-05,Maternity,8
2026-03-19,07-10,ER,33
2026-03-19,07-10,ICU,17
2026-03-19,07-10,Maternity,6
2026-03-19,08-01,ER,19
2026-03-19,08-01,ICU,9
2026-03-19,08-01,Maternity,4
2026-03-19,PRIV06,ER,32
2026-03-19,PRIV06,ICU,12
2026-03-19,PRIV06,Maternity,8
2026-03-19,PRIV07,ER,19
2026-03-19,PRIV07,ICU,14
2026-03-19,PRIV07,Maternity,4
2026-03-19,PRIV08,ER,15
2026-03-19,PRIV08,ICU,16
2026-03-19,PRIV08,Maternity,7
2026-03-19,13-12,ER,32
2026-03-19,13-12,ICU,15
2026-03-19,13-12,Maternity,6
2026-03-19,14-07,ER,24
2026-03-19,14-07,ICU,14
2026-03-19,14-07,Maternity,3
2026-03-19,14-11,ER,31
2026-03-19,14-11,ICU,12
2026-03-19,14-11,Maternity,4
2026-03-19,01-22,ER,27
2026-03-19,01-22,ICU,9
2026-03-19,01-22,Maternity,4
2026-03-20,01-24,ER,35
2026-03-20,01-24,ICU,16
2026-03-20,01-24,Maternity,8
2026-03-20,01-23,ER,20
2026-03-20,01-23,ICU,11
2026-03-20,01-23,Maternity,6
2026-03-20,01-20,ER,20
2026-03-20,01-20,ICU,12
2026-03-20,01-20,Maternity,6
2026-03-20,01-02,ER,23
2026-03-20,01-02,ICU,10
2026-03-20,01-02,Maternity,2
2026-03-20,01-03,ER,24
2026-03-20,01-03,ICU,8
2026-03-20,01-03,Maternity,7
2026-03-20,01-21,ER,17
2026-03-20,01-21,ICU,8
2026-03-20,01-21,Maternity,8
2026-03-20,01-19,ER,23
2026-03-20,01-19,ICU,11
2026-03-20,01-19,Maternity,9
2026-03-20,PRIV01,ER,28
2026-03-20,PRIV01,ICU,15
2026-03-20,PRIV01,Maternity,7
2026-03-20,PRIV02,ER,17
2026-03-20,PRIV02,ICU,11
2026-03-20,PRIV02,Maternity,7
2026-03-20,PRIV03,ER,22
2026-03-20,PRIV03,ICU,16
2026-03-20,PRIV03,Maternity,11
2026-03-20,PRIV04,ER,20
2026-03-20,PRIV04,ICU,13
2026-03-20,PRIV04,Maternity,6
2026-03-20,PRIV05,ER,22
2026-03-20,PRIV05,ICU,15
2026-03-20,PRIV05,Maternity,4
2026-03-20,03-18,ER,22
2026-03-20,03-18,ICU,6
2026-03-20,03-18,Maternity,7
2026-03-20,04-16,ER,30
2026-03-20,04-16,ICU,13
2026-03-20,04-16,Maternity,5
2026-03-20,05-08,ER,17
2026-03-20,05-08,ICU,18
2026-03-20,05-08,Maternity,3
2026-03-20,05-17,ER,25
2026-03-20,05-17,ICU,11
2026-03-20,05-17,Maternity,9
2026-03-20,06-05,ER,23
2026-03-20,06-05,ICU,16
2026-03-20,06-05,Maternity,9
2026-03-20,07-10,ER,18
2026-03-20,07-10,ICU,12
2026-03-20,07-10,Maternity,7
2026-03-20,08-01,ER,19
2026-03-20,08-01,ICU,13
2026-03-20,08-01,Maternity,3
2026-03-20,PRIV06,ER,29
2026-03-20,PRIV06,ICU,10
2026-03-20,PRIV06,Maternity,5
2026-03-20,PRIV07,ER,18
2026-03-20,PRIV07,ICU,13
2026-03-20,PRIV07,Maternity,6
2026-03-20,PRIV08,ER,26
2026-03-20,PRIV08,ICU,10
2026-03-20,PRIV08,Maternity,3
2026-03-20,13-12,ER,23
2026-03-20,13-12,ICU,13
2026-03-20,13-12,Maternity,6
2026-03-20,14-07,ER,25
2026-03-20,14-07,ICU,5
2026-03-20,14-07,Maternity,8
2026-03-20,14-11,ER,21
2026-03-20,14-11,ICU,13
2026-03-20,14-11,Maternity,3
2026-03-20,01-22,ER,22
2026-03-20,01-22,ICU,15
2026-03-20,01-22,Maternity,5
2026-03-21,01-24,ER,19
2026-03-21,01-24,ICU,13
2026-03-21,01-24,Maternity,7
2026-03-21,01-23,ER,20
2026-03-21,01-23,ICU,9
2026-03-21,01-23,Maternity,6
2026-03-21,01-20,ER,25
2026-03-21,01-20,ICU,13
2026-03-21,01-20,Maternity,7
2026-03-21,01-02,ER,24
2026-03-21,01-02,ICU,16
2026-03-21,01-02,Maternity,8
2026-03-21,01-03,ER,24
2026-03-21,01-03,ICU,7
2026-03-21,01-03,Maternity,10
2026-03-21,01-21,ER,19
2026-03-21,01-21,ICU,15
2026-03-21,01-21,Maternity,7
2026-03-21,01-19,ER,31
2026-03-21,01-19,ICU,11
2026-03-21,01-19,Maternity,4
2026-03-21,PRIV01,ER,19
2026-03-21,PRIV01,ICU,8
2026-03-21,PRIV01,Maternity,5
2026-03-21,PRIV02,ER,30
2026-03-21,PRIV02,ICU,12
2026-03-21,PRIV02,Maternity,9
2026-03-21,PRIV03,ER,16
2026-03-21,PRIV03,ICU,19
2026-03-21,PRIV03,Maternity,6
2026-03-21,PRIV04,ER,25
2026-03-21,PRIV04,ICU,12
2026-03-21,PRIV04,Maternity,3
2026-03-21,PRIV05,ER,27
2026-03-21,PRIV05,ICU,12
2026-03-21,PRIV05,Maternity,9
2026-03-21,03-18,ER,25
2026-03-21,03-18,ICU,12
2026-03-21,03-18,Maternity,5
2026-03-21,04-16,ER,22
2026-03-21,04-16,ICU,14
2026-03-21,04-16,Maternity,7
2026-03-21,05-08,ER,27
2026-03-21,05-08,ICU,16
2026-03-21,05-08,Maternity,4
2026-03-21,05-17,ER,19
2026-03-21,05-17,ICU,11
2026-03-21,05-17,Maternity,7
2026-03-21,06-05,ER,18
2026-03-21,06-05,ICU,15
2026-03-21,06-05,Maternity,5
2026-03-21,07-10,ER,23
2026-03-21,07-10,ICU,7
2026-03-21,07-10,Maternity,6
2026-03-21,08-01,ER,29
2026-03-21,08-01,ICU,14
2026-03-21,08-01,Maternity,7
2026-03-21,PRIV06,ER,25
2026-03-21,PRIV06,ICU,8
2026-03-21,PRIV06,Maternity,6
2026-03-21,PRIV07,ER,24
2026-03-21,PRIV07,ICU,13
2026-03-21,PRIV07,Maternity,7
2026-03-21,PRIV08,ER,28
2026-03-21,PRIV08,ICU,10
2026-03-21,PRIV08,Maternity,5
2026-03-21,13-12,ER,21
2026-03-21,13-12,ICU,11
2026-03-21,13-12,Maternity,3
2026-03-21,14-07,ER,29
2026-03-21,14-07,ICU,13
2026-03-21,14-07,Maternity,5
2026-03-21,14-11,ER,18
2026-03-21,14-11,ICU,14
2026-03-21,14-11,Maternity,6
2026-03-21,01-22,ER,23
2026-03-21,01-22,ICU,12
2026-03-21,01-22,Maternity,4
2026-03-22,01-24,ER,23
2026-03-22,01-24,ICU,14
2026-03-22,01-24,Maternity,4
2026-03-22,01-23,ER,24
2026-03-22,01-23,ICU,8
2026-03-22,01-23,Maternity,6
2026-03-22,01-20,ER,13
2026-03-22,01-20,ICU,8
2026-03-22,01-20,Maternity,9
2026-03-22,01-02,ER,23
2026-03-22,01-02,ICU,8
2026-03-22,01-02,Maternity,7
2026-03-22,01-03,ER,30
2026-03-22,01-03,ICU,19
2026-03-22,01-03,Maternity,1
2026-03-22,01-21,ER,25
2026-03-22,01-21,ICU,13
2026-03-22,01-21,Maternity,5
2026-03-22,01-19,ER,20
2026-03-22,01-19,ICU,15
2026-03-22,01-19,Maternity,5
2026-03-22,PRIV01,ER,29
2026-03-22,PRIV01,ICU,7
2026-03-22,PRIV01,Maternity,4
2026-03-22,PRIV02,ER,21
2026-03-22,PRIV02,ICU,14
2026-03-22,PRIV02,Maternity,9
2026-03-22,PRIV03,ER,28
2026-03-22,PRIV03,ICU,6
2026-03-22,PRIV03,Maternity,4
2026-03-22,PRIV04,ER,31
2026-03-22,PRIV04,ICU,12
2026-03-22,PRIV04,Maternity,3
2026-03-22,PRIV05,ER,21
2026-03-22,PRIV05,ICU,12
2026-03-22,PRIV05,Maternity,5
2026-03-22,03-18,ER,21
2026-03-22,03-18,ICU,16
2026-03-22,03-18,Maternity,3
2026-03-22,04-16,ER,31
2026-03-22,04-16,ICU,10
2026-03-22,04-16,Maternity,5
2026-03-22,05-08,ER,30
2026-03-22,05-08,ICU,6
2026-03-22,05-08,Maternity,9
2026-03-22,05-17,ER,21
2026-03-22,05-17,ICU,5
2026-03-22,05-17,Maternity,6
2026-03-22,06-05,ER,22
2026-03-22,06-05,ICU,11
2026-03-22,06-05,Maternity,6
2026-03-22,07-10,ER,15
2026-03-22,07-10,ICU,9
2026-03-22,07-10,Maternity,4
2026-03-22,08-01,ER,25
2026-03-22,08-01,ICU,15
2026-03-22,08-01,Maternity,5
2026-03-22,PRIV06,ER,27
2026-03-22,PRIV06,ICU,10
2026-03-22,PRIV06,Maternity,8
2026-03-22,PRIV07,ER,25
2026-03-22,PRIV07,ICU,13
2026-03-22,PRIV07,Maternity,5
2026-03-22,PRIV08,ER,18
2026-03-22,PRIV08,ICU,13
2026-03-22,PRIV08,Maternity,4
2026-03-22,13-12,ER,33
2026-03-22,13-12,ICU,11
2026-03-22,13-12,Maternity,7
2026-03-22,14-07,ER,20
2026-03-22,14-07,ICU,17
2026-03-22,14-07,Maternity,3
2026-03-22,14-11,ER,17
2026-03-22,14-11,ICU,11
2026-03-22,14-11,Maternity,10
2026-03-22,01-22,ER,33
2026-03-22,01-22,ICU,10
2026-03-22,01-22,Maternity,5
2026-03-23,01-24,ER,30
2026-03-23,01-24,ICU,12
2026-03-23,01-24,Maternity,9
2026-03-23,01-23,ER,19
2026-03-23,01-23,ICU,15
2026-03-23,01-23,Maternity,14
2026-03-23,01-20,ER,22
2026-03-23,01-20,ICU,13
2026-03-23,01-20,Maternity,3
2026-03-23,01-02,ER,23
2026-03-23,01-02,ICU,6
2026-03-23,01-02,Maternity,8
2026-03-23,01-03,ER,17
2026-03-23,01-03,ICU,7
2026-03-23,01-03,Maternity,15
2026-03-23,01-21,ER,27
2026-03-23,01-21,ICU,8
2026-03-23,01-21,Maternity,6
2026-03-23,01-19,ER,18
2026-03-23,01-19,ICU,16
2026-03-23,01-19,Maternity,6
2026-03-23,PRIV01,ER,21
2026-03-23,PRIV01,ICU,13
2026-03-23,PRIV01,Maternity,6
2026-03-23,PRIV02,ER,29
2026-03-23,PRIV02,ICU,13
2026-03-23,PRIV02,Maternity,8
2026-03-23,PRIV03,ER,23
2026-03-23,PRIV03,ICU,12
2026-03-23,PRIV03,Maternity,9
2026-03-23,PRIV04,ER,24
2026-03-23,PRIV04,ICU,13
2026-03-23,PRIV04,Maternity,1
2026-03-23,PRIV05,ER,21
2026-03-23,PRIV05,ICU,10
2026-03-23,PRIV05,Maternity,6
2026-03-23,03-18,ER,24
2026-03-23,03-18,ICU,11
2026-03-23,03-18,Maternity,5
2026-03-23,04-16,ER,19
2026-03-23,04-16,ICU,19
2026-03-23,04-16,Maternity,6
2026-03-23,05-08,ER,22
2026-03-23,05-08,ICU,10
2026-03-23,05-08,Maternity,7
2026-03-23,05-17,ER,26
2026-03-23,05-17,ICU,11
2026-03-23,05-17,Maternity,4
2026-03-23,06-05,ER,26
2026-03-23,06-05,ICU,12
2026-03-23,06-05,Maternity,6
2026-03-23,07-10,ER,25
2026-03-23,07-10,ICU,13
2026-03-23,07-10,Maternity,3
2026-03-23,08-01,ER,23
2026-03-23,08-01,ICU,10
2026-03-23,08-01,Maternity,7
2026-03-23,PRIV06,ER,22
2026-03-23,PRIV06,ICU,11
2026-03-23,PRIV06,Maternity,3
2026-03-23,PRIV07,ER,23
2026-03-23,PRIV07,ICU,9
2026-03-23,PRIV07,Maternity,9
2026-03-23,PRIV08,ER,17
2026-03-23,PRIV08,ICU,17
2026-03-23,PRIV08,Maternity,5
2026-03-23,13-12,ER,18
2026-03-23,13-12,ICU,12
2026-03-23,13-12,Maternity,7
2026-03-23,14-07,ER,19
2026-03-23,14-07,ICU,16
2026-03-23,14-07,Maternity,1
2026-03-23,14-11,ER,23
2026-03-23,14-11,ICU,10
2026-03-23,14-11,Maternity,7
2026-03-23,01-22,ER,27
2026-03-23,01-22,ICU,12
2026-03-23,01-22,Maternity,5
2026-03-24,01-24,ER,28
2026-03-24,01-24,ICU,9
2026-03-24,01-24,Maternity,7
2026-03-24,01-23,ER,24
2026-03-24,01-23,ICU,10
2026-03-24,01-23,Maternity,8
2026-03-24,01-20,ER,15
2026-03-24,01-20,ICU,12
2026-03-24,01-20,Maternity,5
2026-03-24,01-02,ER,29
2026-03-24,01-02,ICU,15
2026-03-24,01-02,Maternity,3
2026-03-24,01-03,ER,29
2026-03-24,01-03,ICU,10
2026-03-24,01-03,Maternity,5
2026-03-24,01-21,ER,28
2026-03-24,01-21,ICU,10
2026-03-24,01-21,Maternity,5
2026-03-24,01-19,ER,24
2026-03-24,01-19,ICU,13
2026-03-24,01-19,Maternity,10
2026-03-24,PRIV01,ER,26
2026-03-24,PRIV01,ICU,11
2026-03-24,PRIV01,Maternity,7
2026-03-24,PRIV02,ER,32
2026-03-24,PRIV02,ICU,10
2026-03-24,PRIV02,Maternity,9
2026-03-24,PRIV03,ER,20
2026-03-24,PRIV03,ICU,14
2026-03-24,PRIV03,Maternity,5
2026-03-24,PRIV04,ER,24
2026-03-24,PRIV04,ICU,19
2026-03-24,PRIV04,Maternity,3
2026-03-24,PRIV05,ER,20
2026-03-24,PRIV05,ICU,15
2026-03-24,PRIV05,Maternity,5
2026-03-24,03-18,ER,18
2026-03-24,03-18,ICU,16
2026-03-24,03-18,Maternity,7
2026-03-24,04-16,ER,22
2026-03-24,04-16,ICU,17
2026-03-24,04-16,Maternity,7
2026-03-24,05-08,ER,25
2026-03-24,05-08,ICU,8
2026-03-24,05-08,Maternity,3
2026-03-24,05-17,ER,33
2026-03-24,05-17,ICU,13
2026-03-24,05-17,Maternity,11
2026-03-24,06-05,ER,18
2026-03-24,06-05,ICU,11
2026-03-24,06-05,Maternity,5
2026-03-24,07-10,ER,22
2026-03-24,07-10,ICU,10
2026-03-24,07-10,Maternity,5
2026-03-24,08-01,ER,20
2026-03-24,08-01,ICU,12
2026-03-24,08-01,Maternity,3
2026-03-24,PRIV06,ER,30
2026-03-24,PRIV06,ICU,16
2026-03-24,PRIV06,Maternity,3
2026-03-24,PRIV07,ER,31
2026-03-24,PRIV07,ICU,11
2026-03-24,PRIV07,Maternity,9
2026-03-24,PRIV08,ER,12
2026-03-24,PRIV08,ICU,10
2026-03-24,PRIV08,Maternity,8
2026-03-24,13-12,ER,17
2026-03-24,13-12,ICU,12
2026-03-24,13-12,Maternity,4
2026-03-24,14-07,ER,21
2026-03-24,14-07,ICU,14
2026-03-24,14-07,Maternity,6
2026-03-24,14-11,ER,25
2026-03-24,14-11,ICU,10
2026-03-24,14-11,Maternity,5
2026-03-24,01-22,ER,30
2026-03-24,01-22,ICU,11
2026-03-24,01-22,Maternity,2
2026-03-25,01-24,ER,26
2026-03-25,01-24,ICU,11
2026-03-25,01-24,Maternity,3
2026-03-25,01-23,ER,31
2026-03-25,01-23,ICU,12
2026-03-25,01-23,Maternity,5
2026-03-25,01-20,ER,25
2026-03-25,01-20,ICU,12
2026-03-25,01-20,Maternity,2
2026-03-25,01-02,ER,20
2026-03-25,01-02,ICU,12
2026-03-25,01-02,Maternity,5
2026-03-25,01-03,ER,25
2026-03-25,01-03,ICU,7
2026-03-25,01-03,Maternity,8
2026-03-25,01-21,ER,25
2026-03-25,01-21,ICU,7
2026-03-25,01-21,Maternity,3
2026-03-25,01-19,ER,21
2026-03-25,01-19,ICU,9
2026-03-25,01-19,Maternity,4
2026-03-25,PRIV01,ER,26
2026-03-25,PRIV01,ICU,6
2026-03-25,PRIV01,Maternity,11
2026-03-25,PRIV02,ER,20
2026-03-25,PRIV02,ICU,7
2026-03-25,PRIV02,Maternity,5
2026-03-25,PRIV03,ER,26
2026-03-25,PRIV03,ICU,9
2026-03-25,PRIV03,Maternity,4
2026-03-25,PRIV04,ER,23
2026-03-25,PRIV04,ICU,10
2026-03-25,PRIV04,Maternity,10
2026-03-25,PRIV05,ER,34
2026-03-25,PRIV05,ICU,14
2026-03-25,PRIV05,Maternity,9
2026-03-25,03-18,ER,24
2026-03-25,03-18,ICU,10
2026-03-25,03-18,Maternity,10
2026-03-25,04-16,ER,21
2026-03-25,04-16,ICU,12
2026-03-25,04-16,Maternity,7
2026-03-25,05-08,ER,20
2026-03-25,05-08,ICU,7
2026-03-25,05-08,Maternity,7
2026-03-25,05-17,ER,24
2026-03-25,05-17,ICU,13
2026-03-25,05-17,Maternity,1
2026-03-25,06-05,ER,24
2026-03-25,06-05,ICU,17
2026-03-25,06-05,Maternity,3
2026-03-25,07-10,ER,29
2026-03-25,07-10,ICU,8
2026-03-25,07-10,Maternity,7
2026-03-25,08-01,ER,17
2026-03-25,08-01,ICU,11
2026-03-25,08-01,Maternity,5
2026-03-25,PRIV06,ER,21
2026-03-25,PRIV06,ICU,14
2026-03-25,PRIV06,Maternity,4
2026-03-25,PRIV07,ER,16
2026-03-25,PRIV07,ICU,19
2026-03-25,PRIV07,Maternity,6
2026-03-25,PRIV08,ER,23
2026-03-25,PRIV08,ICU,17
2026-03-25,PRIV08,Maternity,5
2026-03-25,13-12,ER,17
2026-03-25,13-12,ICU,12
2026-03-25,13-12,Maternity,3
2026-03-25,14-07,ER,17
2026-03-25,14-07,ICU,12
2026-03-25,14-07,Maternity,5
2026-03-25,14-11,ER,27
2026-03-25,14-11,ICU,11
2026-03-25,14-11,Maternity,8
2026-03-25,01-22,ER,27
2026-03-25,01-22,ICU,12
2026-03-25,01-22,Maternity,1
2026-03-26,01-24,ER,18
2026-03-26,01-24,ICU,13
2026-03-26,01-24,Maternity,6
2026-03-26,01-23,ER,20
2026-03-26,01-23,ICU,11
2026-03-26,01-23,Maternity,2
2026-03-26,01-20,ER,30
2026-03-26,01-20,ICU,7
2026-03-26,01-20,Maternity,8
2026-03-26,01-02,ER,29
2026-03-26,01-02,ICU,9
2026-03-26,01-02,Maternity,4
2026-03-26,01-03,ER,29
2026-03-26,01-03,ICU,13
2026-03-26,01-03,Maternity,6
2026-03-26,01-21,ER,21
2026-03-26,01-21,ICU,13
2026-03-26,01-21,Maternity,2
2026-03-26,01-19,ER,31
2026-03-26,01-19,ICU,14
2026-03-26,01-19,Maternity,10
2026-03-26,PRIV01,ER,23
2026-03-26,PRIV01,ICU,10
2026-03-26,PRIV01,Maternity,4
2026-03-26,PRIV02,ER,24
2026-03-26,PRIV02,ICU,10
2026-03-26,PRIV02,Maternity,6
2026-03-26,PRIV03,ER,30
2026-03-26,PRIV03,ICU,11
2026-03-26,PRIV03,Maternity,4
2026-03-26,PRIV04,ER,26
2026-03-26,PRIV04,ICU,11
2026-03-26,PRIV04,Maternity,5
2026-03-26,PRIV05,ER,32
2026-03-26,PRIV05,ICU,7
2026-03-26,PRIV05,Maternity,9
2026-03-26,03-18,ER,26
2026-03-26,03-18,ICU,16
2026-03-26,03-18,Maternity,5
2026-03-26,04-16,ER,25
2026-03-26,04-16,ICU,13
2026-03-26,04-16,Maternity,6
2026-03-26,05-08,ER,15
2026-03-26,05-08,ICU,12
2026-03-26,05-08,Maternity,7
2026-03-26,05-17,ER,23
2026-03-26,05-17,ICU,5
2026-03-26,05-17,Maternity,6
2026-03-26,06-05,ER,24
2026-03-26,06-05,ICU,13
2026-03-26,06-05,Maternity,4
2026-03-26,07-10,ER,21
2026-03-26,07-10,ICU,11
2026-03-26,07-10,Maternity,2
2026-03-26,08-01,ER,32
2026-03-26,08-01,ICU,11
2026-03-26,08-01,Maternity,7
2026-03-26,PRIV06,ER,30
2026-03-26,PRIV06,ICU,11
2026-03-26,PRIV06,Maternity,8
2026-03-26,PRIV07,ER,30
2026-03-26,PRIV07,ICU,11
2026-03-26,PRIV07,Maternity,3
2026-03-26,PRIV08,ER,19
2026-03-26,PRIV08,ICU,15
2026-03-26,PRIV08,Maternity,2
2026-03-26,13-12,ER,17
2026-03-26,13-12,ICU,12
2026-03-26,13-12,Maternity,9
2026-03-26,14-07,ER,25
2026-03-26,14-07,ICU,20
2026-03-26,14-07,Maternity,3
2026-03-26,14-11,ER,28
2026-03-26,14-11,ICU,11
2026-03-26,14-11,Maternity,8
2026-03-26,01-22,ER,24
2026-03-26,01-22,ICU,16
2026-03-26,01-22,Maternity,6
2026-03-27,01-24,ER,25
2026-03-27,01-24,ICU,8
2026-03-27,01-24,Maternity,4
2026-03-27,01-23,ER,23
2026-03-27,01-23,ICU,11
2026-03-27,01-23,Maternity,4
2026-03-27,01-20,ER,21
2026-03-27,01-20,ICU,16
2026-03-27,01-20,Maternity,7
2026-03-27,01-02,ER,33
2026-03-27,01-02,ICU,14
2026-03-27,01-02,Maternity,8
2026-03-27,01-03,ER,20
2026-03-27,01-03,ICU,16
2026-03-27,01-03,Maternity,4
2026-03-27,01-21,ER,25
2026-03-27,01-21,ICU,16
2026-03-27,01-21,Maternity,0
2026-03-27,01-19,ER,19
2026-03-27,01-19,ICU,18
2026-03-27,01-19,Maternity,2
2026-03-27,PRIV01,ER,25
2026-03-27,PRIV01,ICU,17
2026-03-27,PRIV01,Maternity,5
2026-03-27,PRIV02,ER,40
2026-03-27,PRIV02,ICU,13
2026-03-27,PRIV02,Maternity,6
2026-03-27,PRIV03,ER,18
2026-03-27,PRIV03,ICU,11
2026-03-27,PRIV03,Maternity,6
2026-03-27,PRIV04,ER,25
2026-03-27,PRIV04,ICU,16
2026-03-27,PRIV04,Maternity,3
2026-03-27,PRIV05,ER,23
2026-03-27,PRIV05,ICU,12
2026-03-27,PRIV05,Maternity,4
2026-03-27,03-18,ER,21
2026-03-27,03-18,ICU,15
2026-03-27,03-18,Maternity,8
2026-03-27,04-16,ER,20
2026-03-27,04-16,ICU,11
2026-03-27,04-16,Maternity,5
2026-03-27,05-08,ER,30
2026-03-27,05-08,ICU,11
2026-03-27,05-08,Maternity,5
2026-03-27,05-17,ER,20
2026-03-27,05-17,ICU,9
2026-03-27,05-17,Maternity,8
2026-03-27,06-05,ER,29
2026-03-27,06-05,ICU,11
2026-03-27,06-05,Maternity,2
2026-03-27,07-10,ER,22
2026-03-27,07-10,ICU,11
2026-03-27,07-10,Maternity,8
2026-03-27,08-01,ER,27
2026-03-27,08-01,ICU,18
2026-03-27,08-01,Maternity,4
2026-03-27,PRIV06,ER,29
2026-03-27,PRIV06,ICU,6
2026-03-27,PRIV06,Maternity,5
2026-03-27,PRIV07,ER,31
2026-03-27,PRIV07,ICU,12
2026-03-27,PRIV07,Maternity,8
2026-03-27,PRIV08,ER,26
2026-03-27,PRIV08,ICU,13
2026-03-27,PRIV08,Maternity,4
2026-03-27,13-12,ER,31
2026-03-27,13-12,ICU,18
2026-03-27,13-12,Maternity,7
2026-03-27,14-07,ER,19
2026-03-27,14-07,ICU,14
2026-03-27,14-07,Maternity,1
2026-03-27,14-11,ER,26
2026-03-27,14-11,ICU,21
2026-03-27,14-11,Maternity,7
2026-03-27,01-22,ER,20
2026-03-27,01-22,ICU,13
2026-03-27,01-22,Maternity,12
2026-03-28,01-24,ER,19
2026-03-28,01-24,ICU,5
2026-03-28,01-24,Maternity,4
2026-03-28,01-23,ER,21
2026-03-28,01-23,ICU,12
2026-03-28,01-23,Maternity,7
2026-03-28,01-20,ER,22
2026-03-28,01-20,ICU,14
2026-03-28,01-20,Maternity,6
2026-03-28,01-02,ER,24
2026-03-28,01-02,ICU,7
2026-03-28,01-02,Maternity,5
2026-03-28,01-03,ER,37
2026-03-28,01-03,ICU,15
2026-03-28,01-03,Maternity,4
2026-03-28,01-21,ER,16
2026-03-28,01-21,ICU,12
2026-03-28,01-21,Maternity,5
2026-03-28,01-19,ER,29
2026-03-28,01-19,ICU,14
2026-03-28,01-19,Maternity,2
2026-03-28,PRIV01,ER,21
2026-03-28,PRIV01,ICU,13
2026-03-28,PRIV01,Maternity,8
2026-03-28,PRIV02,ER,27
2026-03-28,PRIV02,ICU,10
2026-03-28,PRIV02,Maternity,10
2026-03-28,PRIV03,ER,25
2026-03-28,PRIV03,ICU,15
2026-03-28,PRIV03,Maternity,5
2026-03-28,PRIV04,ER,22
2026-03-28,PRIV04,ICU,7
2026-03-28,PRIV04,Maternity,3
2026-03-28,PRIV05,ER,31
2026-03-28,PRIV05,ICU,11
2026-03-28,PRIV05,Maternity,4
2026-03-28,03-18,ER,15
2026-03-28,03-18,ICU,12
2026-03-28,03-18,Maternity,1
2026-03-28,04-16,ER,16
2026-03-28,04-16,ICU,10
2026-03-28,04-16,Maternity,9
2026-03-28,05-08,ER,23
2026-03-28,05-08,ICU,18
2026-03-28,05-08,Maternity,7
2026-03-28,05-17,ER,25
2026-03-28,05-17,ICU,17
2026-03-28,05-17,Maternity,7
2026-03-28,06-05,ER,23
2026-03-28,06-05,ICU,11
2026-03-28,06-05,Maternity,9
2026-03-28,07-10,ER,26
2026-03-28,07-10,ICU,8
2026-03-28,07-10,Maternity,7
2026-03-28,08-01,ER,25
2026-03-28,08-01,ICU,17
2026-03-28,08-01,Maternity,4
2026-03-28,PRIV06,ER,21
2026-03-28,PRIV06,ICU,8
2026-03-28,PRIV06,Maternity,5
2026-03-28,PRIV07,ER,19
2026-03-28,PRIV07,ICU,12
2026-03-28,PRIV07,Maternity,3
2026-03-28,PRIV08,ER,31
2026-03-28,PRIV08,ICU,5
2026-03-28,PRIV08,Maternity,4
2026-03-28,13-12,ER,24
2026-03-28,13-12,ICU,12
2026-03-28,13-12,Maternity,7
2026-03-28,14-07,ER,23
2026-03-28,14-07,ICU,8
2026-03-28,14-07,Maternity,7
2026-03-28,14-11,ER,27
2026-03-28,14-11,ICU,13
2026-03-28,14-11,Maternity,11
2026-03-28,01-22,ER,21
2026-03-28,01-22,ICU,11
2026-03-28,01-22,Maternity,3
2026-03-29,01-24,ER,23
2026-03-29,01-24,ICU,5
2026-03-29,01-24,Maternity,2
2026-03-29,01-23,ER,23
2026-03-29,01-23,ICU,12
2026-03-29,01-23,Maternity,5
2026-03-29,01-20,ER,24
2026-03-29,01-20,ICU,16
2026-03-29,01-20,Maternity,9
2026-03-29,01-02,ER,22
2026-03-29,01-02,ICU,16
2026-03-29,01-02,Maternity,5
2026-03-29,01-03,ER,23
2026-03-29,01-03,ICU,11
2026-03-29,01-03,Maternity,6
2026-03-29,01-21,ER,30
2026-03-29,01-21,ICU,14
2026-03-29,01-21,Maternity,12
2026-03-29,01-19,ER,17
2026-03-29,01-19,ICU,12
2026-03-29,01-19,Maternity,1
2026-03-29,PRIV01,ER,23
2026-03-29,PRIV01,ICU,8
2026-03-29,PRIV01,Maternity,9
2026-03-29,PRIV02,ER,25
2026-03-29,PRIV02,ICU,20
2026-03-29,PRIV02,Maternity,7
2026-03-29,PRIV03,ER,24
2026-03-29,PRIV03,ICU,14
2026-03-29,PRIV03,Maternity,6
2026-03-29,PRIV04,ER,26
2026-03-29,PRIV04,ICU,12
2026-03-29,PRIV04,Maternity,6
2026-03-29,PRIV05,ER,19
2026-03-29,PRIV05,ICU,12
2026-03-29,PRIV05,Maternity,9
2026-03-29,03-18,ER,25
2026-03-29,03-18,ICU,17
2026-03-29,03-18,Maternity,6
2026-03-29,04-16,ER,28
2026-03-29,04-16,ICU,9
2026-03-29,04-16,Maternity,5
2026-03-29,05-08,ER,24
2026-03-29,05-08,ICU,17
2026-03-29,05-08,Maternity,6
2026-03-29,05-17,ER,27
2026-03-29,05-17,ICU,13
2026-03-29,05-17,Maternity,4
2026-03-29,06-05,ER,17
2026-03-29,06-05,ICU,18
2026-03-29,06-05,Maternity,3
2026-03-29,07-10,ER,23
2026-03-29,07-10,ICU,16
2026-03-29,07-10,Maternity,4
2026-03-29,08-01,ER,22
2026-03-29,08-01,ICU,15
2026-03-29,08-01,Maternity,6
2026-03-29,PRIV06,ER,20
2026-03-29,PRIV06,ICU,14
2026-03-29,PRIV06,Maternity,7
2026-03-29,PRIV07,ER,25
2026-03-29,PRIV07,ICU,11
2026-03-29,PRIV07,Maternity,6
2026-03-29,PRIV08,ER,28
2026-03-29,PRIV08,ICU,12
2026-03-29,PRIV08,Maternity,5
2026-03-29,13-12,ER,23
2026-03-29,13-12,ICU,11
2026-03-29,13-12,Maternity,8
2026-03-29,14-07,ER,34
2026-03-29,14-07,ICU,14
2026-03-29,14-07,Maternity,9
2026-03-29,14-11,ER,19
2026-03-29,14-11,ICU,13
2026-03-29,14-11,Maternity,7
2026-03-29,01-22,ER,34
2026-03-29,01-22,ICU,13
2026-03-29,01-22,Maternity,4
2026-03-30,01-24,ER,33
2026-03-30,01-24,ICU,14
2026-03-30,01-24,Maternity,7
2026-03-30,01-23,ER,23
2026-03-30,01-23,ICU,14
2026-03-30,01-23,Maternity,6
2026-03-30,01-20,ER,26
2026-03-30,01-20,ICU,10
2026-03-30,01-20,Maternity,3
2026-03-30,01-02,ER,22
2026-03-30,01-02,ICU,14
2026-03-30,01-02,Maternity,6
2026-03-30,01-03,ER,24
2026-03-30,01-03,ICU,9
2026-03-30,01-03,Maternity,9
2026-03-30,01-21,ER,22
2026-03-30,01-21,ICU,13
2026-03-30,01-21,Maternity,5
2026-03-30,01-19,ER,21
2026-03-30,01-19,ICU,11
2026-03-30,01-19,Maternity,8
2026-03-30,PRIV01,ER,23
2026-03-30,PRIV01,ICU,11
2026-03-30,PRIV01,Maternity,5
2026-03-30,PRIV02,ER,15
2026-03-30,PRIV02,ICU,8
2026-03-30,PRIV02,Maternity,7
2026-03-30,PRIV03,ER,34
2026-03-30,PRIV03,ICU,11
2026-03-30,PRIV03,Maternity,6
2026-03-30,PRIV04,ER,22
2026-03-30,PRIV04,ICU,11
2026-03-30,PRIV04,Maternity,9
2026-03-30,PRIV05,ER,29
2026-03-30,PRIV05,ICU,19
2026-03-30,PRIV05,Maternity,7
2026-03-30,03-18,ER,20
2026-03-30,03-18,ICU,4
2026-03-30,03-18,Maternity,8
2026-03-30,04-16,ER,29
2026-03-30,04-16,ICU,13
2026-03-30,04-16,Maternity,8
2026-03-30,05-08,ER,20
2026-03-30,05-08,ICU,14
2026-03-30,05-08,Maternity,7
2026-03-30,05-17,ER,28
2026-03-30,05-17,ICU,12
2026-03-30,05-17,Maternity,2
2026-03-30,06-05,ER,35
2026-03-30,06-05,ICU,11
2026-03-30,06-05,Maternity,3
2026-03-30,07-10,ER,24
2026-03-30,07-10,ICU,15
2026-03-30,07-10,Maternity,9
2026-03-30,08-01,ER,26
2026-03-30,08-01,ICU,10
2026-03-30,08-01,Maternity,5
2026-03-30,PRIV06,ER,15
2026-03-30,PRIV06,ICU,7
2026-03-30,PRIV06,Maternity,3
2026-03-30,PRIV07,ER,23
2026-03-30,PRIV07,ICU,13
2026-03-30,PRIV07,Maternity,6
2026-03-30,PRIV08,ER,17
2026-03-30,PRIV08,ICU,12
2026-03-30,PRIV08,Maternity,7
2026-03-30,13-12,ER,30
2026-03-30,13-12,ICU,18
2026-03-30,13-12,Maternity,7
2026-03-30,14-07,ER,20
2026-03-30,14-07,ICU,15
2026-03-30,14-07,Maternity,3
2026-03-30,14-11,ER,29
2026-03-30,14-11,ICU,11
2026-03-30,14-11,Maternity,9
2026-03-30,01-22,ER,17
2026-03-30,01-22,ICU,11
2026-03-30,01-22,Maternity,7
2026-03-31,01-24,ER,25
2026-03-31,01-24,ICU,12
2026-03-31,01-24,Maternity,5
2026-03-31,01-23,ER,24
2026-03-31,01-23,ICU,13
2026-03-31,01-23,Maternity,7
2026-03-31,01-20,ER,21
2026-03-31,01-20,ICU,8
2026-03-31,01-20,Maternity,6
2026-03-31,01-02,ER,27
2026-03-31,01-02,ICU,12
2026-03-31,01-02,Maternity,4
2026-03-31,01-03,ER,33
2026-03-31,01-03,ICU,12
2026-03-31,01-03,Maternity,3
2026-03-31,01-21,ER,14
2026-03-31,01-21,ICU,11
2026-03-31,01-21,Maternity,5
2026-03-31,01-19,ER,26
2026-03-31,01-19,ICU,11
2026-03-31,01-19,Maternity,5
2026-03-31,PRIV01,ER,20
2026-03-31,PRIV01,ICU,9
2026-03-31,PRIV01,Maternity,4
2026-03-31,PRIV02,ER,23
2026-03-31,PRIV02,ICU,9
2026-03-31,PRIV02,Maternity,5
2026-03-31,PRIV03,ER,23
2026-03-31,PRIV03,ICU,16
2026-03-31,PRIV03,Maternity,10
2026-03-31,PRIV04,ER,14
2026-03-31,PRIV04,ICU,10
2026-03-31,PRIV04,Maternity,3
2026-03-31,PRIV05,ER,21
2026-03-31,PRIV05,ICU,8
2026-03-31,PRIV05,Maternity,5
2026-03-31,03-18,ER,34
2026-03-31,03-18,ICU,21
2026-03-31,03-18,Maternity,6
2026-03-31,04-16,ER,34
2026-03-31,04-16,ICU,16
2026-03-31,04-16,Maternity,2
2026-03-31,05-08,ER,23
2026-03-31,05-08,ICU,10
2026-03-31,05-08,Maternity,4
2026-03-31,05-17,ER,21
2026-03-31,05-17,ICU,17
2026-03-31,05-17,Maternity,4
2026-03-31,06-05,ER,25
2026-03-31,06-05,ICU,17
2026-03-31,06-05,Maternity,4
2026-03-31,07-10,ER,11
2026-03-31,07-10,ICU,11
2026-03-31,07-10,Maternity,4
2026-03-31,08-01,ER,35
2026-03-31,08-01,ICU,11
2026-03-31,08-01,Maternity,3
2026-03-31,PRIV06,ER,24
2026-03-31,PRIV06,ICU,10
2026-03-31,PRIV06,Maternity,7
2026-03-31,PRIV07,ER,25
2026-03-31,PRIV07,ICU,9
2026-03-31,PRIV07,Maternity,4
2026-03-31,PRIV08,ER,30
2026-03-31,PRIV08,ICU,9
2026-03-31,PRIV08,Maternity,8
2026-03-31,13-12,ER,29
2026-03-31,13-12,ICU,11
2026-03-31,13-12,Maternity,3
2026-03-31,14-07,ER,20
2026-03-31,14-07,ICU,8
2026-03-31,14-07,Maternity,8
2026-03-31,14-11,ER,23
2026-03-31,14-11,ICU,12
2026-03-31,14-11,Maternity,8
2026-03-31,01-22,ER,19
2026-03-31,01-22,ICU,15
2026-03-31,01-22,Maternity,5
2026-04-01,01-24,ER,16
2026-04-01,01-24,ICU,11
2026-04-01,01-24,Maternity,3
2026-04-01,01-23,ER,19
2026-04-01,01-23,ICU,5
2026-04-01,01-23,Maternity,6
2026-04-01,01-20,ER,9
2026-04-01,01-20,ICU,11
2026-04-01,01-20,Maternity,1
2026-04-01,01-02,ER,12
2026-04-01,01-02,ICU,3
2026-04-01,01-02,Maternity,5
2026-04-01,01-03,ER,13
2026-04-01,01-03,ICU,16
2026-04-01,01-03,Maternity,3
2026-04-01,01-21,ER,10
2026-04-01,01-21,ICU,6
2026-04-01,01-21,Maternity,6
2026-04-01,01-19,ER,15
2026-04-01,01-19,ICU,9
2026-04-01,01-19,Maternity,3
2026-04-01,PRIV01,ER,20
2026-04-01,PRIV01,ICU,11
2026-04-01,PRIV01,Maternity,4
2026-04-01,PRIV02,ER,18
2026-04-01,PRIV02,ICU,7
2026-04-01,PRIV02,Maternity,7
2026-04-01,PRIV03,ER,21
2026-04-01,PRIV03,ICU,14
2026-04-01,PRIV03,Maternity,3
2026-04-01,PRIV04,ER,17
2026-04-01,PRIV04,ICU,12
2026-04-01,PRIV04,Maternity,6
2026-04-01,PRIV05,ER,16
2026-04-01,PRIV05,ICU,11
2026-04-01,PRIV05,Maternity,3
2026-04-01,03-18,ER,26
2026-04-01,03-18,ICU,10
2026-04-01,03-18,Maternity,9
2026-04-01,04-16,ER,16
2026-04-01,04-16,ICU,11
2026-04-01,04-16,Maternity,2
2026-04-01,05-08,ER,11
2026-04-01,05-08,ICU,9
2026-04-01,05-08,Maternity,5
2026-04-01,05-17,ER,20
2026-04-01,05-17,ICU,13
2026-04-01,05-17,Maternity,7
2026-04-01,06-05,ER,15
2026-04-01,06-05,ICU,13
2026-04-01,06-05,Maternity,5
2026-04-01,07-10,ER,15
2026-04-01,07-10,ICU,8
2026-04-01,07-10,Maternity,1
2026-04-01,08-01,ER,14
2026-04-01,08-01,ICU,12
2026-04-01,08-01,Maternity,3
2026-04-01,PRIV06,ER,15
2026-04-01,PRIV06,ICU,10
2026-04-01,PRIV06,Maternity,2
2026-04-01,PRIV07,ER,13
2026-04-01,PRIV07,ICU,4
2026-04-01,PRIV07,Maternity,3
2026-04-01,PRIV08,ER,20
2026-04-01,PRIV08,ICU,12
2026-04-01,PRIV08,Maternity,5
2026-04-01,13-12,ER,19
2026-04-01,13-12,ICU,7
2026-04-01,13-12,Maternity,3
2026-04-01,14-07,ER,14
2026-04-01,14-07,ICU,6
2026-04-01,14-07,Maternity,5
2026-04-01,14-11,ER,23
2026-04-01,14-11,ICU,16
2026-04-01,14-11,Maternity,5
2026-04-01,01-22,ER,18
2026-04-01,01-22,ICU,6
2026-04-01,01-22,Maternity,3
2026-04-02,01-24,ER,21
2026-04-02,01-24,ICU,14
2026-04-02,01-24,Maternity,4
2026-04-02,01-23,ER,15
2026-04-02,01-23,ICU,6
2026-04-02,01-23,Maternity,1
2026-04-02,01-20,ER,10
2026-04-02,01-20,ICU,7
2026-04-02,01-20,Maternity,4
2026-04-02,01-02,ER,20
2026-04-02,01-02,ICU,8
2026-04-02,01-02,Maternity,3
2026-04-02,01-03,ER,14
2026-04-02,01-03,ICU,8
2026-04-02,01-03,Maternity,2
2026-04-02,01-21,ER,18
2026-04-02,01-21,ICU,4
2026-04-02,01-21,Maternity,5
2026-04-02,01-19,ER,17
2026-04-02,01-19,ICU,11
2026-04-02,01-19,Maternity,3
2026-04-02,PRIV01,ER,8
2026-04-02,PRIV01,ICU,7
2026-04-02,PRIV01,Maternity,2
2026-04-02,PRIV02,ER,9
2026-04-02,PRIV02,ICU,7
2026-04-02,PRIV02,Maternity,5
2026-04-02,PRIV03,ER,25
2026-04-02,PRIV03,ICU,7
2026-04-02,PRIV03,Maternity,6
2026-04-02,PRIV04,ER,26
2026-04-02,PRIV04,ICU,7
2026-04-02,PRIV04,Maternity,8
2026-04-02,PRIV05,ER,14
2026-04-02,PRIV05,ICU,10
2026-04-02,PRIV05,Maternity,7
2026-04-02,03-18,ER,17
2026-04-02,03-18,ICU,14
2026-04-02,03-18,Maternity,5
2026-04-02,04-16,ER,26
2026-04-02,04-16,ICU,14
2026-04-02,04-16,Maternity,6
2026-04-02,05-08,ER,12
2026-04-02,05-08,ICU,12
2026-04-02,05-08,Maternity,8
2026-04-02,05-17,ER,16
2026-04-02,05-17,ICU,14
2026-04-02,05-17,Maternity,6
2026-04-02,06-05,ER,12
2026-04-02,06-05,ICU,11
2026-04-02,06-05,Maternity,3
2026-04-02,07-10,ER,22
2026-04-02,07-10,ICU,12
2026-04-02,07-10,Maternity,1
2026-04-02,08-01,ER,20
2026-04-02,08-01,ICU,5
2026-04-02,08-01,Maternity,1
2026-04-02,PRIV06,ER,19
2026-04-02,PRIV06,ICU,5
2026-04-02,PRIV06,Maternity,3
2026-04-02,PRIV07,ER,23
2026-04-02,PRIV07,ICU,9
2026-04-02,PRIV07,Maternity,5
2026-04-02,PRIV08,ER,16
2026-04-02,PRIV08,ICU,5
2026-04-02,PRIV08,Maternity,4
2026-04-02,13-12,ER,20
2026-04-02,13-12,ICU,9
2026-04-02,13-12,Maternity,7
2026-04-02,14-07,ER,20
2026-04-02,14-07,ICU,6
2026-04-02,14-07,Maternity,6
2026-04-02,14-11,ER,20
2026-04-02,14-11,ICU,6
2026-04-02,14-11,Maternity,3
2026-04-02,01-22,ER,21
2026-04-02,01-22,ICU,3
2026-04-02,01-22,Maternity,7
2026-04-03,01-24,ER,21
2026-04-03,01-24,ICU,10
2026-04-03,01-24,Maternity,7
2026-04-03,01-23,ER,20
2026-04-03,01-23,ICU,12
2026-04-03,01-23,Maternity,8
2026-04-03,01-20,ER,24
2026-04-03,01-20,ICU,12
2026-04-03,01-20,Maternity,5
2026-04-03,01-02,ER,11
2026-04-03,01-02,ICU,11
2026-04-03,01-02,Maternity,5
2026-04-03,01-03,ER,12
2026-04-03,01-03,ICU,13
2026-04-03,01-03,Maternity,2
2026-04-03,01-21,ER,19
2026-04-03,01-21,ICU,7
2026-04-03,01-21,Maternity,1
2026-04-03,01-19,ER,15
2026-04-03,01-19,ICU,11
2026-04-03,01-19,Maternity,1
2026-04-03,PRIV01,ER,20
2026-04-03,PRIV01,ICU,5
2026-04-03,PRIV01,Maternity,4
2026-04-03,PRIV02,ER,22
2026-04-03,PRIV02,ICU,12
2026-04-03,PRIV02,Maternity,4
2026-04-03,PRIV03,ER,12
2026-04-03,PRIV03,ICU,9
2026-04-03,PRIV03,Maternity,10
2026-04-03,PRIV04,ER,18
2026-04-03,PRIV04,ICU,8
2026-04-03,PRIV04,Maternity,2
2026-04-03,PRIV05,ER,20
2026-04-03,PRIV05,ICU,7
2026-04-03,PRIV05,Maternity,7
2026-04-03,03-18,ER,23
2026-04-03,03-18,ICU,9
2026-04-03,03-18,Maternity,3
2026-04-03,04-16,ER,18
2026-04-03,04-16,ICU,12
2026-04-03,04-16,Maternity,2
2026-04-03,05-08,ER,13
2026-04-03,05-08,ICU,8
2026-04-03,05-08,Maternity,4
2026-04-03,05-17,ER,16
2026-04-03,05-17,ICU,10
2026-04-03,05-17,Maternity,8
2026-04-03,06-05,ER,21
2026-04-03,06-05,ICU,4
2026-04-03,06-05,Maternity,4
2026-04-03,07-10,ER,22
2026-04-03,07-10,ICU,7
2026-04-03,07-10,Maternity,1
2026-04-03,08-01,ER,14
2026-04-03,08-01,ICU,5
2026-04-03,08-01,Maternity,2
2026-04-03,PRIV06,ER,14
2026-04-03,PRIV06,ICU,3
2026-04-03,PRIV06,Maternity,5
2026-04-03,PRIV07,ER,21
2026-04-03,PRIV07,ICU,10
2026-04-03,PRIV07,Maternity,3
2026-04-03,PRIV08,ER,13
2026-04-03,PRIV08,ICU,7
2026-04-03,PRIV08,Maternity,7
2026-04-03,13-12,ER,16
2026-04-03,13-12,ICU,14
2026-04-03,13-12,Maternity,4
2026-04-03,14-07,ER,22
2026-04-03,14-07,ICU,12
2026-04-03,14-07,Maternity,3
2026-04-03,14-11,ER,22
2026-04-03,14-11,ICU,13
2026-04-03,14-11,Maternity,4
2026-04-03,01-22,ER,9
2026-04-03,01-22,ICU,6
2026-04-03,01-22,Maternity,6
2026-04-04,01-24,ER,20
2026-04-04,01-24,ICU,14
2026-04-04,01-24,Maternity,7
2026-04-04,01-23,ER,23
2026-04-04,01-23,ICU,15
2026-04-04,01-23,Maternity,3
2026-04-04,01-20,ER,16
2026-04-04,01-20,ICU,12
2026-04-04,01-20,Maternity,3
2026-04-04,01-02,ER,20
2026-04-04,01-02,ICU,8
2026-04-04,01-02,Maternity,3
2026-04-04,01-03,ER,19
2026-04-04,01-03,ICU,9
2026-04-04,01-03,Maternity,3
2026-04-04,01-21,ER,11
2026-04-04,01-21,ICU,8
2026-04-04,01-21,Maternity,7
2026-04-04,01-19,ER,22
2026-04-04,01-19,ICU,11
2026-04-04,01-19,Maternity,3
2026-04-04,PRIV01,ER,24
2026-04-04,PRIV01,ICU,8
2026-04-04,PRIV01,Maternity,4
2026-04-04,PRIV02,ER,10
2026-04-04,PRIV02,ICU,9
2026-04-04,PRIV02,Maternity,4
2026-04-04,PRIV03,ER,21
2026-04-04,PRIV03,ICU,10
2026-04-04,PRIV03,Maternity,6
2026-04-04,PRIV04,ER,14
2026-04-04,PRIV04,ICU,8
2026-04-04,PRIV04,Maternity,7
2026-04-04,PRIV05,ER,20
2026-04-04,PRIV05,ICU,9
2026-04-04,PRIV05,Maternity,4
2026-04-04,03-18,ER,13
2026-04-04,03-18,ICU,12
2026-04-04,03-18,Maternity,5
2026-04-04,04-16,ER,24
2026-04-04,04-16,ICU,11
2026-04-04,04-16,Maternity,5
2026-04-04,05-08,ER,11
2026-04-04,05-08,ICU,15
2026-04-04,05-08,Maternity,5
2026-04-04,05-17,ER,19
2026-04-04,05-17,ICU,6
2026-04-04,05-17,Maternity,2
2026-04-04,06-05,ER,26
2026-04-04,06-05,ICU,17
2026-04-04,06-05,Maternity,5
2026-04-04,07-10,ER,28
2026-04-04,07-10,ICU,7
2026-04-04,07-10,Maternity,1
2026-04-04,08-01,ER,13
2026-04-04,08-01,ICU,12
2026-04-04,08-01,Maternity,9
2026-04-04,PRIV06,ER,22
2026-04-04,PRIV06,ICU,11
2026-04-04,PRIV06,Maternity,4
2026-04-04,PRIV07,ER,20
2026-04-04,PRIV07,ICU,12
2026-04-04,PRIV07,Maternity,6
2026-04-04,PRIV08,ER,16
2026-04-04,PRIV08,ICU,9
2026-04-04,PRIV08,Maternity,5
2026-04-04,13-12,ER,25
2026-04-04,13-12,ICU,10
2026-04-04,13-12,Maternity,6
2026-04-04,14-07,ER,16
2026-04-04,14-07,ICU,7
2026-04-04,14-07,Maternity,2
2026-04-04,14-11,ER,21
2026-04-04,14-11,ICU,12
2026-04-04,14-11,Maternity,5
2026-04-04,01-22,ER,16
2026-04-04,01-22,ICU,7
2026-04-04,01-22,Maternity,2
2026-04-05,01-24,ER,16
2026-04-05,01-24,ICU,8
2026-04-05,01-24,Maternity,0
2026-04-05,01-23,ER,21
2026-04-05,01-23,ICU,11
2026-04-05,01-23,Maternity,6
2026-04-05,01-20,ER,24
2026-04-05,01-20,ICU,9
2026-04-05,01-20,Maternity,8
2026-04-05,01-02,ER,21
2026-04-05,01-02,ICU,10
2026-04-05,01-02,Maternity,4
2026-04-05,01-03,ER,18
2026-04-05,01-03,ICU,9
2026-04-05,01-03,Maternity,10
2026-04-05,01-21,ER,19
2026-04-05,01-21,ICU,6
2026-04-05,01-21,Maternity,3
2026-04-05,01-19,ER,15
2026-04-05,01-19,ICU,9
2026-04-05,01-19,Maternity,5
2026-04-05,PRIV01,ER,18
2026-04-05,PRIV01,ICU,6
2026-04-05,PRIV01,Maternity,8
2026-04-05,PRIV02,ER,17
2026-04-05,PRIV02,ICU,10
2026-04-05,PRIV02,Maternity,6
2026-04-05,PRIV03,ER,20
2026-04-05,PRIV03,ICU,12
2026-04-05,PRIV03,Maternity,2
2026-04-05,PRIV04,ER,16
2026-04-05,PRIV04,ICU,9
2026-04-05,PRIV04,Maternity,3
2026-04-05,PRIV05,ER,6
2026-04-05,PRIV05,ICU,6
2026-04-05,PRIV05,Maternity,4
2026-04-05,03-18,ER,16
2026-04-05,03-18,ICU,7
2026-04-05,03-18,Maternity,8
2026-04-05,04-16,ER,15
2026-04-05,04-16,ICU,8
2026-04-05,04-16,Maternity,2
2026-04-05,05-08,ER,23
2026-04-05,05-08,ICU,3
2026-04-05,05-08,Maternity,1
2026-04-05,05-17,ER,21
2026-04-05,05-17,ICU,10
2026-04-05,05-17,Maternity,5
2026-04-05,06-05,ER,16
2026-04-05,06-05,ICU,11
2026-04-05,06-05,Maternity,4
2026-04-05,07-10,ER,26
2026-04-05,07-10,ICU,10
2026-04-05,07-10,Maternity,3
2026-04-05,08-01,ER,30
2026-04-05,08-01,ICU,9
2026-04-05,08-01,Maternity,2
2026-04-05,PRIV06,ER,26
2026-04-05,PRIV06,ICU,13
2026-04-05,PRIV06,Maternity,5
2026-04-05,PRIV07,ER,16
2026-04-05,PRIV07,ICU,11
2026-04-05,PRIV07,Maternity,3
2026-04-05,PRIV08,ER,14
2026-04-05,PRIV08,ICU,9
2026-04-05,PRIV08,Maternity,4
2026-04-05,13-12,ER,15
2026-04-05,13-12,ICU,11
2026-04-05,13-12,Maternity,3
2026-04-05,14-07,ER,17
2026-04-05,14-07,ICU,8
2026-04-05,14-07,Maternity,6
2026-04-05,14-11,ER,23
2026-04-05,14-11,ICU,10
2026-04-05,14-11,Maternity,6
2026-04-05,01-22,ER,18
2026-04-05,01-22,ICU,9
2026-04-05,01-22,Maternity,5
2026-04-06,01-24,ER,22
2026-04-06,01-24,ICU,2
2026-04-06,01-24,Maternity,7
2026-04-06,01-23,ER,17
2026-04-06,01-23,ICU,22
2026-04-06,01-23,Maternity,2
2026-04-06,01-20,ER,15
2026-04-06,01-20,ICU,11
2026-04-06,01-20,Maternity,8
2026-04-06,01-02,ER,18
2026-04-06,01-02,ICU,12
2026-04-06,01-02,Maternity,3
2026-04-06,01-03,ER,15
2026-04-06,01-03,ICU,9
2026-04-06,01-03,Maternity,5
2026-04-06,01-21,ER,12
2026-04-06,01-21,ICU,9
2026-04-06,01-21,Maternity,5
2026-04-06,01-19,ER,17
2026-04-06,01-19,ICU,7
2026-04-06,01-19,Maternity,4
2026-04-06,PRIV01,ER,12
2026-04-06,PRIV01,ICU,9
2026-04-06,PRIV01,Maternity,8
2026-04-06,PRIV02,ER,20
2026-04-06,PRIV02,ICU,5
2026-04-06,PRIV02,Maternity,3
2026-04-06,PRIV03,ER,9
2026-04-06,PRIV03,ICU,5
2026-04-06,PRIV03,Maternity,6
2026-04-06,PRIV04,ER,16
2026-04-06,PRIV04,ICU,8
2026-04-06,PRIV04,Maternity,3
2026-04-06,PRIV05,ER,22
2026-04-06,PRIV05,ICU,5
2026-04-06,PRIV05,Maternity,5
2026-04-06,03-18,ER,24
2026-04-06,03-18,ICU,9
2026-04-06,03-18,Maternity,1
2026-04-06,04-16,ER,14
2026-04-06,04-16,ICU,11
2026-04-06,04-16,Maternity,4
2026-04-06,05-08,ER,16
2026-04-06,05-08,ICU,9
2026-04-06,05-08,Maternity,5
2026-04-06,05-17,ER,21
2026-04-06,05-17,ICU,8
2026-04-06,05-17,Maternity,5
2026-04-06,06-05,ER,17
2026-04-06,06-05,ICU,9
2026-04-06,06-05,Maternity,2
2026-04-06,07-10,ER,20
2026-04-06,07-10,ICU,6
2026-04-06,07-10,Maternity,1
2026-04-06,08-01,ER,34
2026-04-06,08-01,ICU,11
2026-04-06,08-01,Maternity,5
2026-04-06,PRIV06,ER,14
2026-04-06,PRIV06,ICU,9
2026-04-06,PRIV06,Maternity,6
2026-04-06,PRIV07,ER,14
2026-04-06,PRIV07,ICU,13
2026-04-06,PRIV07,Maternity,6
2026-04-06,PRIV08,ER,14
2026-04-06,PRIV08,ICU,9
2026-04-06,PRIV08,Maternity,4
2026-04-06,13-12,ER,16
2026-04-06,13-12,ICU,11
2026-04-06,13-12,Maternity,7
2026-04-06,14-07,ER,16
2026-04-06,14-07,ICU,11
2026-04-06,14-07,Maternity,6
2026-04-06,14-11,ER,17
2026-04-06,14-11,ICU,7
2026-04-06,14-11,Maternity,2
2026-04-06,01-22,ER,17
2026-04-06,01-22,ICU,10
2026-04-06,01-22,Maternity,4
2026-04-07,01-24,ER,15
2026-04-07,01-24,ICU,8
2026-04-07,01-24,Maternity,8
2026-04-07,01-23,ER,29
2026-04-07,01-23,ICU,12
2026-04-07,01-23,Maternity,3
2026-04-07,01-20,ER,19
2026-04-07,01-20,ICU,7
2026-04-07,01-20,Maternity,8
2026-04-07,01-02,ER,20
2026-04-07,01-02,ICU,2
2026-04-07,01-02,Maternity,4
2026-04-07,01-03,ER,21
2026-04-07,01-03,ICU,6
2026-04-07,01-03,Maternity,2
2026-04-07,01-21,ER,24
2026-04-07,01-21,ICU,11
2026-04-07,01-21,Maternity,6
2026-04-07,01-19,ER,20
2026-04-07,01-19,ICU,6
2026-04-07,01-19,Maternity,3
2026-04-07,PRIV01,ER,20
2026-04-07,PRIV01,ICU,7
2026-04-07,PRIV01,Maternity,9
2026-04-07,PRIV02,ER,18
2026-04-07,PRIV02,ICU,11
2026-04-07,PRIV02,Maternity,6
2026-04-07,PRIV03,ER,16
2026-04-07,PRIV03,ICU,8
2026-04-07,PRIV03,Maternity,7
2026-04-07,PRIV04,ER,15
2026-04-07,PRIV04,ICU,9
2026-04-07,PRIV04,Maternity,3
2026-04-07,PRIV05,ER,17
2026-04-07,PRIV05,ICU,7
2026-04-07,PRIV05,Maternity,2
2026-04-07,03-18,ER,16
2026-04-07,03-18,ICU,11
2026-04-07,03-18,Maternity,5
2026-04-07,04-16,ER,16
2026-04-07,04-16,ICU,6
2026-04-07,04-16,Maternity,3
2026-04-07,05-08,ER,23
2026-04-07,05-08,ICU,6
2026-04-07,05-08,Maternity,2
2026-04-07,05-17,ER,20
2026-04-07,05-17,ICU,10
2026-04-07,05-17,Maternity,4
2026-04-07,06-05,ER,19
2026-04-07,06-05,ICU,7
2026-04-07,06-05,Maternity,4
2026-04-07,07-10,ER,13
2026-04-07,07-10,ICU,8
2026-04-07,07-10,Maternity,3
2026-04-07,08-01,ER,26
2026-04-07,08-01,ICU,8
2026-04-07,08-01,Maternity,7
2026-04-07,PRIV06,ER,16
2026-04-07,PRIV06,ICU,9
2026-04-07,PRIV06,Maternity,8
2026-04-07,PRIV07,ER,23
2026-04-07,PRIV07,ICU,9
2026-04-07,PRIV07,Maternity,7
2026-04-07,PRIV08,ER,15
2026-04-07,PRIV08,ICU,7
2026-04-07,PRIV08,Maternity,3
2026-04-07,13-12,ER,19
2026-04-07,13-12,ICU,9
2026-04-07,13-12,Maternity,6
2026-04-07,14-07,ER,21
2026-04-07,14-07,ICU,10
2026-04-07,14-07,Maternity,3
2026-04-07,14-11,ER,15
2026-04-07,14-11,ICU,9
2026-04-07,14-11,Maternity,7
2026-04-07,01-22,ER,17
2026-04-07,01-22,ICU,9
2026-04-07,01-22,Maternity,5
2026-04-08,01-24,ER,17
2026-04-08,01-24,ICU,6
2026-04-08,01-24,Maternity,4
2026-04-08,01-23,ER,23
2026-04-08,01-23,ICU,12
2026-04-08,01-23,Maternity,6
2026-04-08,01-20,ER,23
2026-04-08,01-20,ICU,6
2026-04-08,01-20,Maternity,1
2026-04-08,01-02,ER,18
2026-04-08,01-02,ICU,7
2026-04-08,01-02,Maternity,2
2026-04-08,01-03,ER,14
2026-04-08,01-03,ICU,6
2026-04-08,01-03,Maternity,6
2026-04-08,01-21,ER,20
2026-04-08,01-21,ICU,8
2026-04-08,01-21,Maternity,3
2026-04-08,01-19,ER,22
2026-04-08,01-19,ICU,12
2026-04-08,01-19,Maternity,1
2026-04-08,PRIV01,ER,20
2026-04-08,PRIV01,ICU,9
2026-04-08,PRIV01,Maternity,6
2026-04-08,PRIV02,ER,13
2026-04-08,PRIV02,ICU,13
2026-04-08,PRIV02,Maternity,1
2026-04-08,PRIV03,ER,14
2026-04-08,PRIV03,ICU,5
2026-04-08,PRIV03,Maternity,2
2026-04-08,PRIV04,ER,5
2026-04-08,PRIV04,ICU,9
2026-04-08,PRIV04,Maternity,3
2026-04-08,PRIV05,ER,17
2026-04-08,PRIV05,ICU,7
2026-04-08,PRIV05,Maternity,3
2026-04-08,03-18,ER,14
2026-04-08,03-18,ICU,11
2026-04-08,03-18,Maternity,4
2026-04-08,04-16,ER,13
2026-04-08,04-16,ICU,8
2026-04-08,04-16,Maternity,2
2026-04-08,05-08,ER,15
2026-04-08,05-08,ICU,7
2026-04-08,05-08,Maternity,6
2026-04-08,05-17,ER,25
2026-04-08,05-17,ICU,7
2026-04-08,05-17,Maternity,3
2026-04-08,06-05,ER,12
2026-04-08,06-05,ICU,8
2026-04-08,06-05,Maternity,8
2026-04-08,07-10,ER,14
2026-04-08,07-10,ICU,11
2026-04-08,07-10,Maternity,9
2026-04-08,08-01,ER,22
2026-04-08,08-01,ICU,5
2026-04-08,08-01,Maternity,3
2026-04-08,PRIV06,ER,14
2026-04-08,PRIV06,ICU,8
2026-04-08,PRIV06,Maternity,6
2026-04-08,PRIV07,ER,18
2026-04-08,PRIV07,ICU,10
2026-04-08,PRIV07,Maternity,4
2026-04-08,PRIV08,ER,19
2026-04-08,PRIV08,ICU,9
2026-04-08,PRIV08,Maternity,3
2026-04-08,13-12,ER,21
2026-04-08,13-12,ICU,8
2026-04-08,13-12,Maternity,4
2026-04-08,14-07,ER,21
2026-04-08,14-07,ICU,11
2026-04-08,14-07,Maternity,5
2026-04-08,14-11,ER,16
2026-04-08,14-11,ICU,6
2026-04-08,14-11,Maternity,4
2026-04-08,01-22,ER,19
2026-04-08,01-22,ICU,9
2026-04-08,01-22,Maternity,5
2026-04-09,01-24,ER,25
2026-04-09,01-24,ICU,8
2026-04-09,01-24,Maternity,5
2026-04-09,01-23,ER,22
2026-04-09,01-23,ICU,11
2026-04-09,01-23,Maternity,8
2026-04-09,01-20,ER,19
2026-04-09,01-20,ICU,9
2026-04-09,01-20,Maternity,12
2026-04-09,01-02,ER,24
2026-04-09,01-02,ICU,3
2026-04-09,01-02,Maternity,5
2026-04-09,01-03,ER,13
2026-04-09,01-03,ICU,11
2026-04-09,01-03,Maternity,3
2026-04-09,01-21,ER,23
2026-04-09,01-21,ICU,6
2026-04-09,01-21,Maternity,3
2026-04-09,01-19,ER,26
2026-04-09,01-19,ICU,7
2026-04-09,01-19,Maternity,6
2026-04-09,PRIV01,ER,25
2026-04-09,PRIV01,ICU,14
2026-04-09,PRIV01,Maternity,7
2026-04-09,PRIV02,ER,19
2026-04-09,PRIV02,ICU,11
2026-04-09,PRIV02,Maternity,5
2026-04-09,PRIV03,ER,14
2026-04-09,PRIV03,ICU,13
2026-04-09,PRIV03,Maternity,1
2026-04-09,PRIV04,ER,19
2026-04-09,PRIV04,ICU,13
2026-04-09,PRIV04,Maternity,3
2026-04-09,PRIV05,ER,17
2026-04-09,PRIV05,ICU,11
2026-04-09,PRIV05,Maternity,2
2026-04-09,03-18,ER,15
2026-04-09,03-18,ICU,9
2026-04-09,03-18,Maternity,5
2026-04-09,04-16,ER,16
2026-04-09,04-16,ICU,13
2026-04-09,04-16,Maternity,4
2026-04-09,05-08,ER,18
2026-04-09,05-08,ICU,4
2026-04-09,05-08,Maternity,3
2026-04-09,05-17,ER,18
2026-04-09,05-17,ICU,13
2026-04-09,05-17,Maternity,3
2026-04-09,06-05,ER,13
2026-04-09,06-05,ICU,15
2026-04-09,06-05,Maternity,6
2026-04-09,07-10,ER,11
2026-04-09,07-10,ICU,7
2026-04-09,07-10,Maternity,2
2026-04-09,08-01,ER,18
2026-04-09,08-01,ICU,8
2026-04-09,08-01,Maternity,5
2026-04-09,PRIV06,ER,15
2026-04-09,PRIV06,ICU,13
2026-04-09,PRIV06,Maternity,2
2026-04-09,PRIV07,ER,16
2026-04-09,PRIV07,ICU,10
2026-04-09,PRIV07,Maternity,6
2026-04-09,PRIV08,ER,18
2026-04-09,PRIV08,ICU,8
2026-04-09,PRIV08,Maternity,3
2026-04-09,13-12,ER,17
2026-04-09,13-12,ICU,10
2026-04-09,13-12,Maternity,7
2026-04-09,14-07,ER,19
2026-04-09,14-07,ICU,13
2026-04-09,14-07,Maternity,3
2026-04-09,14-11,ER,17
2026-04-09,14-11,ICU,7
2026-04-09,14-11,Maternity,2
2026-04-09,01-22,ER,31
2026-04-09,01-22,ICU,6
2026-04-09,01-22,Maternity,4
2026-04-10,01-24,ER,16
2026-04-10,01-24,ICU,4
2026-04-10,01-24,Maternity,6
2026-04-10,01-23,ER,18
2026-04-10,01-23,ICU,8
2026-04-10,01-23,Maternity,1
2026-04-10,01-20,ER,17
2026-04-10,01-20,ICU,10
2026-04-10,01-20,Maternity,3
2026-04-10,01-02,ER,17
2026-04-10,01-02,ICU,5
2026-04-10,01-02,Maternity,2
2026-04-10,01-03,ER,18
2026-04-10,01-03,ICU,4
2026-04-10,01-03,Maternity,4
2026-04-10,01-21,ER,14
2026-04-10,01-21,ICU,9
2026-04-10,01-21,Maternity,5
2026-04-10,01-19,ER,17
2026-04-10,01-19,ICU,6
2026-04-10,01-19,Maternity,6
2026-04-10,PRIV01,ER,18
2026-04-10,PRIV01,ICU,8
2026-04-10,PRIV01,Maternity,1
2026-04-10,PRIV02,ER,18
2026-04-10,PRIV02,ICU,7
2026-04-10,PRIV02,Maternity,7
2026-04-10,PRIV03,ER,17
2026-04-10,PRIV03,ICU,6
2026-04-10,PRIV03,Maternity,6
2026-04-10,PRIV04,ER,15
2026-04-10,PRIV04,ICU,7
2026-04-10,PRIV04,Maternity,4
2026-04-10,PRIV05,ER,21
2026-04-10,PRIV05,ICU,7
2026-04-10,PRIV05,Maternity,3
2026-04-10,03-18,ER,16
2026-04-10,03-18,ICU,10
2026-04-10,03-18,Maternity,7
2026-04-10,04-16,ER,12
2026-04-10,04-16,ICU,9
2026-04-10,04-16,Maternity,5
2026-04-10,05-08,ER,26
2026-04-10,05-08,ICU,9
2026-04-10,05-08,Maternity,4
2026-04-10,05-17,ER,22
2026-04-10,05-17,ICU,6
2026-04-10,05-17,Maternity,10
2026-04-10,06-05,ER,14
2026-04-10,06-05,ICU,8
2026-04-10,06-05,Maternity,4
2026-04-10,07-10,ER,24
2026-04-10,07-10,ICU,12
2026-04-10,07-10,Maternity,3
2026-04-10,08-01,ER,16
2026-04-10,08-01,ICU,11
2026-04-10,08-01,Maternity,3
2026-04-10,PRIV06,ER,9
2026-04-10,PRIV06,ICU,6
2026-04-10,PRIV06,Maternity,10
2026-04-10,PRIV07,ER,18
2026-04-10,PRIV07,ICU,13
2026-04-10,PRIV07,Maternity,2
2026-04-10,PRIV08,ER,12
2026-04-10,PRIV08,ICU,8
2026-04-10,PRIV08,Maternity,5
2026-04-10,13-12,ER,20
2026-04-10,13-12,ICU,12
2026-04-10,13-12,Maternity,4
2026-04-10,14-07,ER,24
2026-04-10,14-07,ICU,4
2026-04-10,14-07,Maternity,5
2026-04-10,14-11,ER,18
2026-04-10,14-11,ICU,9
2026-04-10,14-11,Maternity,6
2026-04-10,01-22,ER,25
2026-04-10,01-22,ICU,6
2026-04-10,01-22,Maternity,4
2026-04-11,01-24,ER,21
2026-04-11,01-24,ICU,12
2026-04-11,01-24,Maternity,2
2026-04-11,01-23,ER,24
2026-04-11,01-23,ICU,9
2026-04-11,01-23,Maternity,9
2026-04-11,01-20,ER,16
2026-04-11,01-20,ICU,9
2026-04-11,01-20,Maternity,1
2026-04-11,01-02,ER,23
2026-04-11,01-02,ICU,8
2026-04-11,01-02,Maternity,6
2026-04-11,01-03,ER,25
2026-04-11,01-03,ICU,8
2026-04-11,01-03,Maternity,3
2026-04-11,01-21,ER,16
2026-04-11,01-21,ICU,6
2026-04-11,01-21,Maternity,5
2026-04-11,01-19,ER,19
2026-04-11,01-19,ICU,8
2026-04-11,01-19,Maternity,3
2026-04-11,PRIV01,ER,24
2026-04-11,PRIV01,ICU,8
2026-04-11,PRIV01,Maternity,3
2026-04-11,PRIV02,ER,16
2026-04-11,PRIV02,ICU,4
2026-04-11,PRIV02,Maternity,2
2026-04-11,PRIV03,ER,21
2026-04-11,PRIV03,ICU,10
2026-04-11,PRIV03,Maternity,6
2026-04-11,PRIV04,ER,11
2026-04-11,PRIV04,ICU,9
2026-04-11,PRIV04,Maternity,10
2026-04-11,PRIV05,ER,17
2026-04-11,PRIV05,ICU,12
2026-04-11,PRIV05,Maternity,5
2026-04-11,03-18,ER,20
2026-04-11,03-18,ICU,9
2026-04-11,03-18,Maternity,4
2026-04-11,04-16,ER,18
2026-04-11,04-16,ICU,4
2026-04-11,04-16,Maternity,7
2026-04-11,05-08,ER,18
2026-04-11,05-08,ICU,11
2026-04-11,05-08,Maternity,3
2026-04-11,05-17,ER,23
2026-04-11,05-17,ICU,5
2026-04-11,05-17,Maternity,4
2026-04-11,06-05,ER,18
2026-04-11,06-05,ICU,9
2026-04-11,06-05,Maternity,5
2026-04-11,07-10,ER,18
2026-04-11,07-10,ICU,3
2026-04-11,07-10,Maternity,10
2026-04-11,08-01,ER,23
2026-04-11,08-01,ICU,14
2026-04-11,08-01,Maternity,1
2026-04-11,PRIV06,ER,14
2026-04-11,PRIV06,ICU,7
2026-04-11,PRIV06,Maternity,2
2026-04-11,PRIV07,ER,13
2026-04-11,PRIV07,ICU,15
2026-04-11,PRIV07,Maternity,4
2026-04-11,PRIV08,ER,17
2026-04-11,PRIV08,ICU,11
2026-04-11,PRIV08,Maternity,4
2026-04-11,13-12,ER,17
2026-04-11,13-12,ICU,8
2026-04-11,13-12,Maternity,8
2026-04-11,14-07,ER,18
2026-04-11,14-07,ICU,14
2026-04-11,14-07,Maternity,3
2026-04-11,14-11,ER,19
2026-04-11,14-11,ICU,19
2026-04-11,14-11,Maternity,5
2026-04-11,01-22,ER,23
2026-04-11,01-22,ICU,10
2026-04-11,01-22,Maternity,7
2026-04-12,01-24,ER,16
2026-04-12,01-24,ICU,5
2026-04-12,01-24,Maternity,3
2026-04-12,01-23,ER,18
2026-04-12,01-23,ICU,6
2026-04-12,01-23,Maternity,5
2026-04-12,01-20,ER,22
2026-04-12,01-20,ICU,9
2026-04-12,01-20,Maternity,6
2026-04-12,01-02,ER,18
2026-04-12,01-02,ICU,13
2026-04-12,01-02,Maternity,3
2026-04-12,01-03,ER,14
2026-04-12,01-03,ICU,7
2026-04-12,01-03,Maternity,4
2026-04-12,01-21,ER,24
2026-04-12,01-21,ICU,11
2026-04-12,01-21,Maternity,3
2026-04-12,01-19,ER,20
2026-04-12,01-19,ICU,14
2026-04-12,01-19,Maternity,6
2026-04-12,PRIV01,ER,25
2026-04-12,PRIV01,ICU,13
2026-04-12,PRIV01,Maternity,3
2026-04-12,PRIV02,ER,15
2026-04-12,PRIV02,ICU,7
2026-04-12,PRIV02,Maternity,2
2026-04-12,PRIV03,ER,20
2026-04-12,PRIV03,ICU,8
2026-04-12,PRIV03,Maternity,3
2026-04-12,PRIV04,ER,20
2026-04-12,PRIV04,ICU,7
2026-04-12,PRIV04,Maternity,0
2026-04-12,PRIV05,ER,17
2026-04-12,PRIV05,ICU,12
2026-04-12,PRIV05,Maternity,4
2026-04-12,03-18,ER,26
2026-04-12,03-18,ICU,8
2026-04-12,03-18,Maternity,7
2026-04-12,04-16,ER,16
2026-04-12,04-16,ICU,4
2026-04-12,04-16,Maternity,5
2026-04-12,05-08,ER,22
2026-04-12,05-08,ICU,8
2026-04-12,05-08,Maternity,0
2026-04-12,05-17,ER,18
2026-04-12,05-17,ICU,11
2026-04-12,05-17,Maternity,4
2026-04-12,06-05,ER,20
2026-04-12,06-05,ICU,4
2026-04-12,06-05,Maternity,5
2026-04-12,07-10,ER,21
2026-04-12,07-10,ICU,11
2026-04-12,07-10,Maternity,3
2026-04-12,08-01,ER,17
2026-04-12,08-01,ICU,8
2026-04-12,08-01,Maternity,6
2026-04-12,PRIV06,ER,17
2026-04-12,PRIV06,ICU,12
2026-04-12,PRIV06,Maternity,3
2026-04-12,PRIV07,ER,14
2026-04-12,PRIV07,ICU,6
2026-04-12,PRIV07,Maternity,2
2026-04-12,PRIV08,ER,19
2026-04-12,PRIV08,ICU,6
2026-04-12,PRIV08,Maternity,6
2026-04-12,13-12,ER,15
2026-04-12,13-12,ICU,9
2026-04-12,13-12,Maternity,4
2026-04-12,14-07,ER,10
2026-04-12,14-07,ICU,7
2026-04-12,14-07,Maternity,6
2026-04-12,14-11,ER,18
2026-04-12,14-11,ICU,9
2026-04-12,14-11,Maternity,5
2026-04-12,01-22,ER,25
2026-04-12,01-22,ICU,10
2026-04-12,01-22,Maternity,6
2026-04-13,01-24,ER,19
2026-04-13,01-24,ICU,8
2026-04-13,01-24,Maternity,9
2026-04-13,01-23,ER,19
2026-04-13,01-23,ICU,12
2026-04-13,01-23,Maternity,2
2026-04-13,01-20,ER,17
2026-04-13,01-20,ICU,13
2026-04-13,01-20,Maternity,5
2026-04-13,01-02,ER,24
2026-04-13,01-02,ICU,3
2026-04-13,01-02,Maternity,5
2026-04-13,01-03,ER,19
2026-04-13,01-03,ICU,7
2026-04-13,01-03,Maternity,7
2026-04-13,01-21,ER,21
2026-04-13,01-21,ICU,6
2026-04-13,01-21,Maternity,4
2026-04-13,01-19,ER,18
2026-04-13,01-19,ICU,10
2026-04-13,01-19,Maternity,2
2026-04-13,PRIV01,ER,14
2026-04-13,PRIV01,ICU,6
2026-04-13,PRIV01,Maternity,6
2026-04-13,PRIV02,ER,12
2026-04-13,PRIV02,ICU,10
2026-04-13,PRIV02,Maternity,3
2026-04-13,PRIV03,ER,13
2026-04-13,PRIV03,ICU,13
2026-04-13,PRIV03,Maternity,5
2026-04-13,PRIV04,ER,23
2026-04-13,PRIV04,ICU,7
2026-04-13,PRIV04,Maternity,7
2026-04-13,PRIV05,ER,17
2026-04-13,PRIV05,ICU,8
2026-04-13,PRIV05,Maternity,2
2026-04-13,03-18,ER,17
2026-04-13,03-18,ICU,13
2026-04-13,03-18,Maternity,4
2026-04-13,04-16,ER,23
2026-04-13,04-16,ICU,9
2026-04-13,04-16,Maternity,3
2026-04-13,05-08,ER,18
2026-04-13,05-08,ICU,10
2026-04-13,05-08,Maternity,3
2026-04-13,05-17,ER,13
2026-04-13,05-17,ICU,13
2026-04-13,05-17,Maternity,1
2026-04-13,06-05,ER,30
2026-04-13,06-05,ICU,11
2026-04-13,06-05,Maternity,7
2026-04-13,07-10,ER,25
2026-04-13,07-10,ICU,15
2026-04-13,07-10,Maternity,7
2026-04-13,08-01,ER,19
2026-04-13,08-01,ICU,12
2026-04-13,08-01,Maternity,7
2026-04-13,PRIV06,ER,14
2026-04-13,PRIV06,ICU,12
2026-04-13,PRIV06,Maternity,3
2026-04-13,PRIV07,ER,20
2026-04-13,PRIV07,ICU,9
2026-04-13,PRIV07,Maternity,6
2026-04-13,PRIV08,ER,22
2026-04-13,PRIV08,ICU,8
2026-04-13,PRIV08,Maternity,4
2026-04-13,13-12,ER,23
2026-04-13,13-12,ICU,3
2026-04-13,13-12,Maternity,3
2026-04-13,14-07,ER,26
2026-04-13,14-07,ICU,7
2026-04-13,14-07,Maternity,2
2026-04-13,14-11,ER,21
2026-04-13,14-11,ICU,6
2026-04-13,14-11,Maternity,7
2026-04-13,01-22,ER,15
2026-04-13,01-22,ICU,12
2026-04-13,01-22,Maternity,3
2026-04-14,01-24,ER,18
2026-04-14,01-24,ICU,13
2026-04-14,01-24,Maternity,3
2026-04-14,01-23,ER,20
2026-04-14,01-23,ICU,8
2026-04-14,01-23,Maternity,4
2026-04-14,01-20,ER,16
2026-04-14,01-20,ICU,11
2026-04-14,01-20,Maternity,5
2026-04-14,01-02,ER,27
2026-04-14,01-02,ICU,11
2026-04-14,01-02,Maternity,6
2026-04-14,01-03,ER,20
2026-04-14,01-03,ICU,7
2026-04-14,01-03,Maternity,11
2026-04-14,01-21,ER,16
2026-04-14,01-21,ICU,13
2026-04-14,01-21,Maternity,3
2026-04-14,01-19,ER,21
2026-04-14,01-19,ICU,7
2026-04-14,01-19,Maternity,3
2026-04-14,PRIV01,ER,16
2026-04-14,PRIV01,ICU,10
2026-04-14,PRIV01,Maternity,6
2026-04-14,PRIV02,ER,26
2026-04-14,PRIV02,ICU,8
2026-04-14,PRIV02,Maternity,4
2026-04-14,PRIV03,ER,20
2026-04-14,PRIV03,ICU,5
2026-04-14,PRIV03,Maternity,4
2026-04-14,PRIV04,ER,17
2026-04-14,PRIV04,ICU,10
2026-04-14,PRIV04,Maternity,7
2026-04-14,PRIV05,ER,17
2026-04-14,PRIV05,ICU,10
2026-04-14,PRIV05,Maternity,4
2026-04-14,03-18,ER,18
2026-04-14,03-18,ICU,10
2026-04-14,03-18,Maternity,4
2026-04-14,04-16,ER,15
2026-04-14,04-16,ICU,7
2026-04-14,04-16,Maternity,3
2026-04-14,05-08,ER,11
2026-04-14,05-08,ICU,16
2026-04-14,05-08,Maternity,7
2026-04-14,05-17,ER,12
2026-04-14,05-17,ICU,16
2026-04-14,05-17,Maternity,5
2026-04-14,06-05,ER,18
2026-04-14,06-05,ICU,6
2026-04-14,06-05,Maternity,4
2026-04-14,07-10,ER,23
2026-04-14,07-10,ICU,17
2026-04-14,07-10,Maternity,2
2026-04-14,08-01,ER,22
2026-04-14,08-01,ICU,15
2026-04-14,08-01,Maternity,2
2026-04-14,PRIV06,ER,14
2026-04-14,PRIV06,ICU,10
2026-04-14,PRIV06,Maternity,3
2026-04-14,PRIV07,ER,14
2026-04-14,PRIV07,ICU,12
2026-04-14,PRIV07,Maternity,6
2026-04-14,PRIV08,ER,18
2026-04-14,PRIV08,ICU,7
2026-04-14,PRIV08,Maternity,7
2026-04-14,13-12,ER,15
2026-04-14,13-12,ICU,7
2026-04-14,13-12,Maternity,3
2026-04-14,14-07,ER,14
2026-04-14,14-07,ICU,10
2026-04-14,14-07,Maternity,3
2026-04-14,14-11,ER,20
2026-04-14,14-11,ICU,2
2026-04-14,14-11,Maternity,2
2026-04-14,01-22,ER,20
2026-04-14,01-22,ICU,11
2026-04-14,01-22,Maternity,4
2026-04-15,01-24,ER,18
2026-04-15,01-24,ICU,9
2026-04-15,01-24,Maternity,3
2026-04-15,01-23,ER,21
2026-04-15,01-23,ICU,11
2026-04-15,01-23,Maternity,2
2026-04-15,01-20,ER,13
2026-04-15,01-20,ICU,7
2026-04-15,01-20,Maternity,6
2026-04-15,01-02,ER,20
2026-04-15,01-02,ICU,7
2026-04-15,01-02,Maternity,4
2026-04-15,01-03,ER,16
2026-04-15,01-03,ICU,6
2026-04-15,01-03,Maternity,6
2026-04-15,01-21,ER,17
2026-04-15,01-21,ICU,9
2026-04-15,01-21,Maternity,3
2026-04-15,01-19,ER,17
2026-04-15,01-19,ICU,7
2026-04-15,01-19,Maternity,7
2026-04-15,PRIV01,ER,13
2026-04-15,PRIV01,ICU,2
2026-04-15,PRIV01,Maternity,8
2026-04-15,PRIV02,ER,8
2026-04-15,PRIV02,ICU,10
2026-04-15,PRIV02,Maternity,5
2026-04-15,PRIV03,ER,22
2026-04-15,PRIV03,ICU,4
2026-04-15,PRIV03,Maternity,3
2026-04-15,PRIV04,ER,16
2026-04-15,PRIV04,ICU,7
2026-04-15,PRIV04,Maternity,4
2026-04-15,PRIV05,ER,19
2026-04-15,PRIV05,ICU,12
2026-04-15,PRIV05,Maternity,4
2026-04-15,03-18,ER,24
2026-04-15,03-18,ICU,5
2026-04-15,03-18,Maternity,2
2026-04-15,04-16,ER,16
2026-04-15,04-16,ICU,7
2026-04-15,04-16,Maternity,5
2026-04-15,05-08,ER,21
2026-04-15,05-08,ICU,12
2026-04-15,05-08,Maternity,5
2026-04-15,05-17,ER,21
2026-04-15,05-17,ICU,10
2026-04-15,05-17,Maternity,5
2026-04-15,06-05,ER,20
2026-04-15,06-05,ICU,12
2026-04-15,06-05,Maternity,8
2026-04-15,07-10,ER,21
2026-04-15,07-10,ICU,8
2026-04-15,07-10,Maternity,3
2026-04-15,08-01,ER,18
2026-04-15,08-01,ICU,6
2026-04-15,08-01,Maternity,3
2026-04-15,PRIV06,ER,15
2026-04-15,PRIV06,ICU,13
2026-04-15,PRIV06,Maternity,3
2026-04-15,PRIV07,ER,23
2026-04-15,PRIV07,ICU,14
2026-04-15,PRIV07,Maternity,6
2026-04-15,PRIV08,ER,14
2026-04-15,PRIV08,ICU,10
2026-04-15,PRIV08,Maternity,2
2026-04-15,13-12,ER,17
2026-04-15,13-12,ICU,12
2026-04-15,13-12,Maternity,2
2026-04-15,14-07,ER,19
2026-04-15,14-07,ICU,8
2026-04-15,14-07,Maternity,4
2026-04-15,14-11,ER,17
2026-04-15,14-11,ICU,5
2026-04-15,14-11,Maternity,4
2026-04-15,01-22,ER,18
2026-04-15,01-22,ICU,8
2026-04-15,01-22,Maternity,6
2026-04-16,01-24,ER,22
2026-04-16,01-24,ICU,9
2026-04-16,01-24,Maternity,4
2026-04-16,01-23,ER,19
2026-04-16,01-23,ICU,4
2026-04-16,01-23,Maternity,2
2026-04-16,01-20,ER,19
2026-04-16,01-20,ICU,8
2026-04-16,01-20,Maternity,5
2026-04-16,01-02,ER,23
2026-04-16,01-02,ICU,8
2026-04-16,01-02,Maternity,1
2026-04-16,01-03,ER,9
2026-04-16,01-03,ICU,11
2026-04-16,01-03,Maternity,8
2026-04-16,01-21,ER,16
2026-04-16,01-21,ICU,12
2026-04-16,01-21,Maternity,6
2026-04-16,01-19,ER,16
2026-04-16,01-19,ICU,3
2026-04-16,01-19,Maternity,7
2026-04-16,PRIV01,ER,22
2026-04-16,PRIV01,ICU,13
2026-04-16,PRIV01,Maternity,3
2026-04-16,PRIV02,ER,16
2026-04-16,PRIV02,ICU,9
2026-04-16,PRIV02,Maternity,6
2026-04-16,PRIV03,ER,16
2026-04-16,PRIV03,ICU,10
2026-04-16,PRIV03,Maternity,6
2026-04-16,PRIV04,ER,15
2026-04-16,PRIV04,ICU,7
2026-04-16,PRIV04,Maternity,4
2026-04-16,PRIV05,ER,20
2026-04-16,PRIV05,ICU,5
2026-04-16,PRIV05,Maternity,8
2026-04-16,03-18,ER,19
2026-04-16,03-18,ICU,12
2026-04-16,03-18,Maternity,6
2026-04-16,04-16,ER,28
2026-04-16,04-16,ICU,12
2026-04-16,04-16,Maternity,2
2026-04-16,05-08,ER,20
2026-04-16,05-08,ICU,11
2026-04-16,05-08,Maternity,7
2026-04-16,05-17,ER,19
2026-04-16,05-17,ICU,7
2026-04-16,05-17,Maternity,3
2026-04-16,06-05,ER,16
2026-04-16,06-05,ICU,15
2026-04-16,06-05,Maternity,3
2026-04-16,07-10,ER,22
2026-04-16,07-10,ICU,10
2026-04-16,07-10,Maternity,10
2026-04-16,08-01,ER,21
2026-04-16,08-01,ICU,5
2026-04-16,08-01,Maternity,8
2026-04-16,PRIV06,ER,15
2026-04-16,PRIV06,ICU,12
2026-04-16,PRIV06,Maternity,1
2026-04-16,PRIV07,ER,13
2026-04-16,PRIV07,ICU,9
2026-04-16,PRIV07,Maternity,2
2026-04-16,PRIV08,ER,16
2026-04-16,PRIV08,ICU,12
2026-04-16,PRIV08,Maternity,2
2026-04-16,13-12,ER,15
2026-04-16,13-12,ICU,6
2026-04-16,13-12,Maternity,3
2026-04-16,14-07,ER,14
2026-04-16,14-07,ICU,12
2026-04-16,14-07,Maternity,9
2026-04-16,14-11,ER,25
2026-04-16,14-11,ICU,9
2026-04-16,14-11,Maternity,7
2026-04-16,01-22,ER,14
2026-04-16,01-22,ICU,6
2026-04-16,01-22,Maternity,5
2026-04-17,01-24,ER,14
2026-04-17,01-24,ICU,6
2026-04-17,01-24,Maternity,4
2026-04-17,01-23,ER,25
2026-04-17,01-23,ICU,7
2026-04-17,01-23,Maternity,5
2026-04-17,01-20,ER,21
2026-04-17,01-20,ICU,6
2026-04-17,01-20,Maternity,3
2026-04-17,01-02,ER,16
2026-04-17,01-02,ICU,9
2026-04-17,01-02,Maternity,4
2026-04-17,01-03,ER,19
2026-04-17,01-03,ICU,6
2026-04-17,01-03,Maternity,2
2026-04-17,01-21,ER,18
2026-04-17,01-21,ICU,15
2026-04-17,01-21,Maternity,1
2026-04-17,01-19,ER,19
2026-04-17,01-19,ICU,12
2026-04-17,01-19,Maternity,5
2026-04-17,PRIV01,ER,16
2026-04-17,PRIV01,ICU,8
2026-04-17,PRIV01,Maternity,5
2026-04-17,PRIV02,ER,17
2026-04-17,PRIV02,ICU,6
2026-04-17,PRIV02,Maternity,5
2026-04-17,PRIV03,ER,26
2026-04-17,PRIV03,ICU,10
2026-04-17,PRIV03,Maternity,6
2026-04-17,PRIV04,ER,21
2026-04-17,PRIV04,ICU,7
2026-04-17,PRIV04,Maternity,4
2026-04-17,PRIV05,ER,10
2026-04-17,PRIV05,ICU,10
2026-04-17,PRIV05,Maternity,3
2026-04-17,03-18,ER,19
2026-04-17,03-18,ICU,12
2026-04-17,03-18,Maternity,3
2026-04-17,04-16,ER,10
2026-04-17,04-16,ICU,9
2026-04-17,04-16,Maternity,5
2026-04-17,05-08,ER,18
2026-04-17,05-08,ICU,9
2026-04-17,05-08,Maternity,5
2026-04-17,05-17,ER,16
2026-04-17,05-17,ICU,9
2026-04-17,05-17,Maternity,6
2026-04-17,06-05,ER,13
2026-04-17,06-05,ICU,8
2026-04-17,06-05,Maternity,6
2026-04-17,07-10,ER,10
2026-04-17,07-10,ICU,9
2026-04-17,07-10,Maternity,2
2026-04-17,08-01,ER,23
2026-04-17,08-01,ICU,10
2026-04-17,08-01,Maternity,4
2026-04-17,PRIV06,ER,14
2026-04-17,PRIV06,ICU,8
2026-04-17,PRIV06,Maternity,7
2026-04-17,PRIV07,ER,19
2026-04-17,PRIV07,ICU,12
2026-04-17,PRIV07,Maternity,5
2026-04-17,PRIV08,ER,14
2026-04-17,PRIV08,ICU,12
2026-04-17,PRIV08,Maternity,5
2026-04-17,13-12,ER,25
2026-04-17,13-12,ICU,4
2026-04-17,13-12,Maternity,7
2026-04-17,14-07,ER,13
2026-04-17,14-07,ICU,6
2026-04-17,14-07,Maternity,4
2026-04-17,14-11,ER,18
2026-04-17,14-11,ICU,8
2026-04-17,14-11,Maternity,5
2026-04-17,01-22,ER,20
2026-04-17,01-22,ICU,9
2026-04-17,01-22,Maternity,6
2026-04-18,01-24,ER,21
2026-04-18,01-24,ICU,13
2026-04-18,01-24,Maternity,5
2026-04-18,01-23,ER,15
2026-04-18,01-23,ICU,9
2026-04-18,01-23,Maternity,5
2026-04-18,01-20,ER,16
2026-04-18,01-20,ICU,10
2026-04-18,01-20,Maternity,2
2026-04-18,01-02,ER,13
2026-04-18,01-02,ICU,14
2026-04-18,01-02,Maternity,4
2026-04-18,01-03,ER,22
2026-04-18,01-03,ICU,15
2026-04-18,01-03,Maternity,5
2026-04-18,01-21,ER,19
2026-04-18,01-21,ICU,15
2026-04-18,01-21,Maternity,3
2026-04-18,01-19,ER,19
2026-04-18,01-19,ICU,9
2026-04-18,01-19,Maternity,3
2026-04-18,PRIV01,ER,16
2026-04-18,PRIV01,ICU,8
2026-04-18,PRIV01,Maternity,4
2026-04-18,PRIV02,ER,21
2026-04-18,PRIV02,ICU,11
2026-04-18,PRIV02,Maternity,6
2026-04-18,PRIV03,ER,20
2026-04-18,PRIV03,ICU,11
2026-04-18,PRIV03,Maternity,1
2026-04-18,PRIV04,ER,24
2026-04-18,PRIV04,ICU,13
2026-04-18,PRIV04,Maternity,5
2026-04-18,PRIV05,ER,19
2026-04-18,PRIV05,ICU,8
2026-04-18,PRIV05,Maternity,2
2026-04-18,03-18,ER,15
2026-04-18,03-18,ICU,11
2026-04-18,03-18,Maternity,10
2026-04-18,04-16,ER,16
2026-04-18,04-16,ICU,16
2026-04-18,04-16,Maternity,4
2026-04-18,05-08,ER,20
2026-04-18,05-08,ICU,8
2026-04-18,05-08,Maternity,2
2026-04-18,05-17,ER,17
2026-04-18,05-17,ICU,10
2026-04-18,05-17,Maternity,2
2026-04-18,06-05,ER,15
2026-04-18,06-05,ICU,7
2026-04-18,06-05,Maternity,2
2026-04-18,07-10,ER,22
2026-04-18,07-10,ICU,7
2026-04-18,07-10,Maternity,5
2026-04-18,08-01,ER,22
2026-04-18,08-01,ICU,11
2026-04-18,08-01,Maternity,6
2026-04-18,PRIV06,ER,16
2026-04-18,PRIV06,ICU,10
2026-04-18,PRIV06,Maternity,5
2026-04-18,PRIV07,ER,31
2026-04-18,PRIV07,ICU,10
2026-04-18,PRIV07,Maternity,4
2026-04-18,PRIV08,ER,11
2026-04-18,PRIV08,ICU,13
2026-04-18,PRIV08,Maternity,7
2026-04-18,13-12,ER,17
2026-04-18,13-12,ICU,10
2026-04-18,13-12,Maternity,4
2026-04-18,14-07,ER,17
2026-04-18,14-07,ICU,6
2026-04-18,14-07,Maternity,3
2026-04-18,14-11,ER,16
2026-04-18,14-11,ICU,7
2026-04-18,14-11,Maternity,7
2026-04-18,01-22,ER,15
2026-04-18,01-22,ICU,11
2026-04-18,01-22,Maternity,5
2026-04-19,01-24,ER,22
2026-04-19,01-24,ICU,13
2026-04-19,01-24,Maternity,4
2026-04-19,01-23,ER,20
2026-04-19,01-23,ICU,7
2026-04-19,01-23,Maternity,5
2026-04-19,01-20,ER,19
2026-04-19,01-20,ICU,11
2026-04-19,01-20,Maternity,5
2026-04-19,01-02,ER,15
2026-04-19,01-02,ICU,13
2026-04-19,01-02,Maternity,3
2026-04-19,01-03,ER,19
2026-04-19,01-03,ICU,7
2026-04-19,01-03,Maternity,5
2026-04-19,01-21,ER,18
2026-04-19,01-21,ICU,6
2026-04-19,01-21,Maternity,6
2026-04-19,01-19,ER,16
2026-04-19,01-19,ICU,9
2026-04-19,01-19,Maternity,4
2026-04-19,PRIV01,ER,10
2026-04-19,PRIV01,ICU,14
2026-04-19,PRIV01,Maternity,2
2026-04-19,PRIV02,ER,16
2026-04-19,PRIV02,ICU,6
2026-04-19,PRIV02,Maternity,3
2026-04-19,PRIV03,ER,20
2026-04-19,PRIV03,ICU,4
2026-04-19,PRIV03,Maternity,3
2026-04-19,PRIV04,ER,14
2026-04-19,PRIV04,ICU,13
2026-04-19,PRIV04,Maternity,2
2026-04-19,PRIV05,ER,23
2026-04-19,PRIV05,ICU,14
2026-04-19,PRIV05,Maternity,3
2026-04-19,03-18,ER,20
2026-04-19,03-18,ICU,7
2026-04-19,03-18,Maternity,4
2026-04-19,04-16,ER,17
2026-04-19,04-16,ICU,17
2026-04-19,04-16,Maternity,4
2026-04-19,05-08,ER,27
2026-04-19,05-08,ICU,12
2026-04-19,05-08,Maternity,4
2026-04-19,05-17,ER,18
2026-04-19,05-17,ICU,7
2026-04-19,05-17,Maternity,3
2026-04-19,06-05,ER,14
2026-04-19,06-05,ICU,8
2026-04-19,06-05,Maternity,5
2026-04-19,07-10,ER,22
2026-04-19,07-10,ICU,11
2026-04-19,07-10,Maternity,3
2026-04-19,08-01,ER,14
2026-04-19,08-01,ICU,11
2026-04-19,08-01,Maternity,6
2026-04-19,PRIV06,ER,18
2026-04-19,PRIV06,ICU,9
2026-04-19,PRIV06,Maternity,3
2026-04-19,PRIV07,ER,19
2026-04-19,PRIV07,ICU,9
2026-04-19,PRIV07,Maternity,9
2026-04-19,PRIV08,ER,19
2026-04-19,PRIV08,ICU,10
2026-04-19,PRIV08,Maternity,2
2026-04-19,13-12,ER,22
2026-04-19,13-12,ICU,8
2026-04-19,13-12,Maternity,5
2026-04-19,14-07,ER,20
2026-04-19,14-07,ICU,10
2026-04-19,14-07,Maternity,4
2026-04-19,14-11,ER,12
2026-04-19,14-11,ICU,3
2026-04-19,14-11,Maternity,5
2026-04-19,01-22,ER,14
2026-04-19,01-22,ICU,11
2026-04-19,01-22,Maternity,3
2026-04-20,01-24,ER,14
2026-04-20,01-24,ICU,6
2026-04-20,01-24,Maternity,1
2026-04-20,01-23,ER,11
2026-04-20,01-23,ICU,9
2026-04-20,01-23,Maternity,2
2026-04-20,01-20,ER,25
2026-04-20,01-20,ICU,9
2026-04-20,01-20,Maternity,2
2026-04-20,01-02,ER,16
2026-04-20,01-02,ICU,6
2026-04-20,01-02,Maternity,4
2026-04-20,01-03,ER,17
2026-04-20,01-03,ICU,9
2026-04-20,01-03,Maternity,6
2026-04-20,01-21,ER,15
2026-04-20,01-21,ICU,6
2026-04-20,01-21,Maternity,7
2026-04-20,01-19,ER,9
2026-04-20,01-19,ICU,10
2026-04-20,01-19,Maternity,2
2026-04-20,PRIV01,ER,22
2026-04-20,PRIV01,ICU,7
2026-04-20,PRIV01,Maternity,1
2026-04-20,PRIV02,ER,14
2026-04-20,PRIV02,ICU,6
2026-04-20,PRIV02,Maternity,3
2026-04-20,PRIV03,ER,22
2026-04-20,PRIV03,ICU,11
2026-04-20,PRIV03,Maternity,5
2026-04-20,PRIV04,ER,19
2026-04-20,PRIV04,ICU,8
2026-04-20,PRIV04,Maternity,5
2026-04-20,PRIV05,ER,9
2026-04-20,PRIV05,ICU,7
2026-04-20,PRIV05,Maternity,11
2026-04-20,03-18,ER,14
2026-04-20,03-18,ICU,5
2026-04-20,03-18,Maternity,3
2026-04-20,04-16,ER,20
2026-04-20,04-16,ICU,17
2026-04-20,04-16,Maternity,4
2026-04-20,05-08,ER,9
2026-04-20,05-08,ICU,8
2026-04-20,05-08,Maternity,5
2026-04-20,05-17,ER,13
2026-04-20,05-17,ICU,11
2026-04-20,05-17,Maternity,2
2026-04-20,06-05,ER,19
2026-04-20,06-05,ICU,4
2026-04-20,06-05,Maternity,8
2026-04-20,07-10,ER,20
2026-04-20,07-10,ICU,8
2026-04-20,07-10,Maternity,4
2026-04-20,08-01,ER,18
2026-04-20,08-01,ICU,4
2026-04-20,08-01,Maternity,5
2026-04-20,PRIV06,ER,23
2026-04-20,PRIV06,ICU,9
2026-04-20,PRIV06,Maternity,9
2026-04-20,PRIV07,ER,13
2026-04-20,PRIV07,ICU,7
2026-04-20,PRIV07,Maternity,7
2026-04-20,PRIV08,ER,20
2026-04-20,PRIV08,ICU,6
2026-04-20,PRIV08,Maternity,4
2026-04-20,13-12,ER,16
2026-04-20,13-12,ICU,14
2026-04-20,13-12,Maternity,6
2026-04-20,14-07,ER,12
2026-04-20,14-07,ICU,11
2026-04-20,14-07,Maternity,3
2026-04-20,14-11,ER,20
2026-04-20,14-11,ICU,7
2026-04-20,14-11,Maternity,3
2026-04-20,01-22,ER,17
2026-04-20,01-22,ICU,8
2026-04-20,01-22,Maternity,4
2026-04-21,01-24,ER,18
2026-04-21,01-24,ICU,8
2026-04-21,01-24,Maternity,11
2026-04-21,01-23,ER,24
2026-04-21,01-23,ICU,7
2026-04-21,01-23,Maternity,4
2026-04-21,01-20,ER,22
2026-04-21,01-20,ICU,7
2026-04-21,01-20,Maternity,3
2026-04-21,01-02,ER,12
2026-04-21,01-02,ICU,18
2026-04-21,01-02,Maternity,3
2026-04-21,01-03,ER,15
2026-04-21,01-03,ICU,14
2026-04-21,01-03,Maternity,2
2026-04-21,01-21,ER,23
2026-04-21,01-21,ICU,7
2026-04-21,01-21,Maternity,3
2026-04-21,01-19,ER,18
2026-04-21,01-19,ICU,10
2026-04-21,01-19,Maternity,4
2026-04-21,PRIV01,ER,20
2026-04-21,PRIV01,ICU,8
2026-04-21,PRIV01,Maternity,4
2026-04-21,PRIV02,ER,19
2026-04-21,PRIV02,ICU,5
2026-04-21,PRIV02,Maternity,5
2026-04-21,PRIV03,ER,14
2026-04-21,PRIV03,ICU,9
2026-04-21,PRIV03,Maternity,5
2026-04-21,PRIV04,ER,21
2026-04-21,PRIV04,ICU,6
2026-04-21,PRIV04,Maternity,6
2026-04-21,PRIV05,ER,21
2026-04-21,PRIV05,ICU,7
2026-04-21,PRIV05,Maternity,5
2026-04-21,03-18,ER,25
2026-04-21,03-18,ICU,7
2026-04-21,03-18,Maternity,3
2026-04-21,04-16,ER,16
2026-04-21,04-16,ICU,6
2026-04-21,04-16,Maternity,5
2026-04-21,05-08,ER,22
2026-04-21,05-08,ICU,7
2026-04-21,05-08,Maternity,0
2026-04-21,05-17,ER,19
2026-04-21,05-17,ICU,7
2026-04-21,05-17,Maternity,3
2026-04-21,06-05,ER,17
2026-04-21,06-05,ICU,11
2026-04-21,06-05,Maternity,4
2026-04-21,07-10,ER,16
2026-04-21,07-10,ICU,12
2026-04-21,07-10,Maternity,5
2026-04-21,08-01,ER,22
2026-04-21,08-01,ICU,5
2026-04-21,08-01,Maternity,3
2026-04-21,PRIV06,ER,19
2026-04-21,PRIV06,ICU,7
2026-04-21,PRIV06,Maternity,5
2026-04-21,PRIV07,ER,15
2026-04-21,PRIV07,ICU,9
2026-04-21,PRIV07,Maternity,8
2026-04-21,PRIV08,ER,20
2026-04-21,PRIV08,ICU,5
2026-04-21,PRIV08,Maternity,7
2026-04-21,13-12,ER,14
2026-04-21,13-12,ICU,9
2026-04-21,13-12,Maternity,0
2026-04-21,14-07,ER,19
2026-04-21,14-07,ICU,9
2026-04-21,14-07,Maternity,5
2026-04-21,14-11,ER,15
2026-04-21,14-11,ICU,8
2026-04-21,14-11,Maternity,7
2026-04-21,01-22,ER,15
2026-04-21,01-22,ICU,7
2026-04-21,01-22,Maternity,4
2026-04-22,01-24,ER,18
2026-04-22,01-24,ICU,13
2026-04-22,01-24,Maternity,4
2026-04-22,01-23,ER,22
2026-04-22,01-23,ICU,10
2026-04-22,01-23,Maternity,2
2026-04-22,01-20,ER,22
2026-04-22,01-20,ICU,12
2026-04-22,01-20,Maternity,7
2026-04-22,01-02,ER,17
2026-04-22,01-02,ICU,10
2026-04-22,01-02,Maternity,4
2026-04-22,01-03,ER,22
2026-04-22,01-03,ICU,6
2026-04-22,01-03,Maternity,5
2026-04-22,01-21,ER,12
2026-04-22,01-21,ICU,6
2026-04-22,01-21,Maternity,3
2026-04-22,01-19,ER,22
2026-04-22,01-19,ICU,11
2026-04-22,01-19,Maternity,1
2026-04-22,PRIV01,ER,20
2026-04-22,PRIV01,ICU,4
2026-04-22,PRIV01,Maternity,6
2026-04-22,PRIV02,ER,18
2026-04-22,PRIV02,ICU,5
2026-04-22,PRIV02,Maternity,1
2026-04-22,PRIV03,ER,21
2026-04-22,PRIV03,ICU,10
2026-04-22,PRIV03,Maternity,4
2026-04-22,PRIV04,ER,17
2026-04-22,PRIV04,ICU,11
2026-04-22,PRIV04,Maternity,3
2026-04-22,PRIV05,ER,13
2026-04-22,PRIV05,ICU,4
2026-04-22,PRIV05,Maternity,4
2026-04-22,03-18,ER,21
2026-04-22,03-18,ICU,6
2026-04-22,03-18,Maternity,4
2026-04-22,04-16,ER,20
2026-04-22,04-16,ICU,9
2026-04-22,04-16,Maternity,7
2026-04-22,05-08,ER,19
2026-04-22,05-08,ICU,12
2026-04-22,05-08,Maternity,10
2026-04-22,05-17,ER,20
2026-04-22,05-17,ICU,7
2026-04-22,05-17,Maternity,2
2026-04-22,06-05,ER,20
2026-04-22,06-05,ICU,10
2026-04-22,06-05,Maternity,5
2026-04-22,07-10,ER,24
2026-04-22,07-10,ICU,7
2026-04-22,07-10,Maternity,4
2026-04-22,08-01,ER,22
2026-04-22,08-01,ICU,7
2026-04-22,08-01,Maternity,4
2026-04-22,PRIV06,ER,11
2026-04-22,PRIV06,ICU,8
2026-04-22,PRIV06,Maternity,2
2026-04-22,PRIV07,ER,21
2026-04-22,PRIV07,ICU,14
2026-04-22,PRIV07,Maternity,6
2026-04-22,PRIV08,ER,18
2026-04-22,PRIV08,ICU,11
2026-04-22,PRIV08,Maternity,1
2026-04-22,13-12,ER,17
2026-04-22,13-12,ICU,12
2026-04-22,13-12,Maternity,6
2026-04-22,14-07,ER,19
2026-04-22,14-07,ICU,4
2026-04-22,14-07,Maternity,4
2026-04-22,14-11,ER,19
2026-04-22,14-11,ICU,10
2026-04-22,14-11,Maternity,4
2026-04-22,01-22,ER,16
2026-04-22,01-22,ICU,9
2026-04-22,01-22,Maternity,2
2026-04-23,01-24,ER,16
2026-04-23,01-24,ICU,11
2026-04-23,01-24,Maternity,3
2026-04-23,01-23,ER,21
2026-04-23,01-23,ICU,11
2026-04-23,01-23,Maternity,6
2026-04-23,01-20,ER,19
2026-04-23,01-20,ICU,9
2026-04-23,01-20,Maternity,4
2026-04-23,01-02,ER,23
2026-04-23,01-02,ICU,11
2026-04-23,01-02,Maternity,6
2026-04-23,01-03,ER,20
2026-04-23,01-03,ICU,11
2026-04-23,01-03,Maternity,5
2026-04-23,01-21,ER,21
2026-04-23,01-21,ICU,16
2026-04-23,01-21,Maternity,7
2026-04-23,01-19,ER,17
2026-04-23,01-19,ICU,10
2026-04-23,01-19,Maternity,4
2026-04-23,PRIV01,ER,18
2026-04-23,PRIV01,ICU,13
2026-04-23,PRIV01,Maternity,8
2026-04-23,PRIV02,ER,15
2026-04-23,PRIV02,ICU,10
2026-04-23,PRIV02,Maternity,2
2026-04-23,PRIV03,ER,20
2026-04-23,PRIV03,ICU,6
2026-04-23,PRIV03,Maternity,2
2026-04-23,PRIV04,ER,19
2026-04-23,PRIV04,ICU,8
2026-04-23,PRIV04,Maternity,4
2026-04-23,PRIV05,ER,26
2026-04-23,PRIV05,ICU,5
2026-04-23,PRIV05,Maternity,5
2026-04-23,03-18,ER,24
2026-04-23,03-18,ICU,10
2026-04-23,03-18,Maternity,5
2026-04-23,04-16,ER,21
2026-04-23,04-16,ICU,11
2026-04-23,04-16,Maternity,2
2026-04-23,05-08,ER,16
2026-04-23,05-08,ICU,13
2026-04-23,05-08,Maternity,2
2026-04-23,05-17,ER,21
2026-04-23,05-17,ICU,10
2026-04-23,05-17,Maternity,3
2026-04-23,06-05,ER,11
2026-04-23,06-05,ICU,11
2026-04-23,06-05,Maternity,3
2026-04-23,07-10,ER,17
2026-04-23,07-10,ICU,14
2026-04-23,07-10,Maternity,1
2026-04-23,08-01,ER,16
2026-04-23,08-01,ICU,10
2026-04-23,08-01,Maternity,10
2026-04-23,PRIV06,ER,26
2026-04-23,PRIV06,ICU,12
2026-04-23,PRIV06,Maternity,1
2026-04-23,PRIV07,ER,26
2026-04-23,PRIV07,ICU,12
2026-04-23,PRIV07,Maternity,5
2026-04-23,PRIV08,ER,26
2026-04-23,PRIV08,ICU,10
2026-04-23,PRIV08,Maternity,4
2026-04-23,13-12,ER,19
2026-04-23,13-12,ICU,11
2026-04-23,13-12,Maternity,3
2026-04-23,14-07,ER,24
2026-04-23,14-07,ICU,9
2026-04-23,14-07,Maternity,4
2026-04-23,14-11,ER,12
2026-04-23,14-11,ICU,15
2026-04-23,14-11,Maternity,3
2026-04-23,01-22,ER,19
2026-04-23,01-22,ICU,12
2026-04-23,01-22,Maternity,6
2026-04-24,01-24,ER,19
2026-04-24,01-24,ICU,12
2026-04-24,01-24,Maternity,4
2026-04-24,01-23,ER,15
2026-04-24,01-23,ICU,9
2026-04-24,01-23,Maternity,4
2026-04-24,01-20,ER,16
2026-04-24,01-20,ICU,10
2026-04-24,01-20,Maternity,3
2026-04-24,01-02,ER,21
2026-04-24,01-02,ICU,11
2026-04-24,01-02,Maternity,5
2026-04-24,01-03,ER,21
2026-04-24,01-03,ICU,8
2026-04-24,01-03,Maternity,4
2026-04-24,01-21,ER,16
2026-04-24,01-21,ICU,10
2026-04-24,01-21,Maternity,4
2026-04-24,01-19,ER,23
2026-04-24,01-19,ICU,11
2026-04-24,01-19,Maternity,3
2026-04-24,PRIV01,ER,13
2026-04-24,PRIV01,ICU,7
2026-04-24,PRIV01,Maternity,4
2026-04-24,PRIV02,ER,24
2026-04-24,PRIV02,ICU,6
2026-04-24,PRIV02,Maternity,2
2026-04-24,PRIV03,ER,18
2026-04-24,PRIV03,ICU,9
2026-04-24,PRIV03,Maternity,5
2026-04-24,PRIV04,ER,16
2026-04-24,PRIV04,ICU,9
2026-04-24,PRIV04,Maternity,4
2026-04-24,PRIV05,ER,14
2026-04-24,PRIV05,ICU,11
2026-04-24,PRIV05,Maternity,6
2026-04-24,03-18,ER,15
2026-04-24,03-18,ICU,8
2026-04-24,03-18,Maternity,5
2026-04-24,04-16,ER,22
2026-04-24,04-16,ICU,10
2026-04-24,04-16,Maternity,5
2026-04-24,05-08,ER,21
2026-04-24,05-08,ICU,10
2026-04-24,05-08,Maternity,5
2026-04-24,05-17,ER,26
2026-04-24,05-17,ICU,8
2026-04-24,05-17,Maternity,3
2026-04-24,06-05,ER,27
2026-04-24,06-05,ICU,12
2026-04-24,06-05,Maternity,5
2026-04-24,07-10,ER,20
2026-04-24,07-10,ICU,8
2026-04-24,07-10,Maternity,4
2026-04-24,08-01,ER,21
2026-04-24,08-01,ICU,17
2026-04-24,08-01,Maternity,4
2026-04-24,PRIV06,ER,23
2026-04-24,PRIV06,ICU,10
2026-04-24,PRIV06,Maternity,1
2026-04-24,PRIV07,ER,20
2026-04-24,PRIV07,ICU,8
2026-04-24,PRIV07,Maternity,2
2026-04-24,PRIV08,ER,16
2026-04-24,PRIV08,ICU,11
2026-04-24,PRIV08,Maternity,5
2026-04-24,13-12,ER,18
2026-04-24,13-12,ICU,8
2026-04-24,13-12,Maternity,9
2026-04-24,14-07,ER,15
2026-04-24,14-07,ICU,9
2026-04-24,14-07,Maternity,3
2026-04-24,14-11,ER,21
2026-04-24,14-11,ICU,9
2026-04-24,14-11,Maternity,3
2026-04-24,01-22,ER,22
2026-04-24,01-22,ICU,8
2026-04-24,01-22,Maternity,4
2026-04-25,01-24,ER,21
2026-04-25,01-24,ICU,8
2026-04-25,01-24,Maternity,6
2026-04-25,01-23,ER,26
2026-04-25,01-23,ICU,8
2026-04-25,01-23,Maternity,5
2026-04-25,01-20,ER,16
2026-04-25,01-20,ICU,8
2026-04-25,01-20,Maternity,3
2026-04-25,01-02,ER,17
2026-04-25,01-02,ICU,7
2026-04-25,01-02,Maternity,5
2026-04-25,01-03,ER,23
2026-04-25,01-03,ICU,10
2026-04-25,01-03,Maternity,7
2026-04-25,01-21,ER,16
2026-04-25,01-21,ICU,10
2026-04-25,01-21,Maternity,5
2026-04-25,01-19,ER,18
2026-04-25,01-19,ICU,5
2026-04-25,01-19,Maternity,5
2026-04-25,PRIV01,ER,16
2026-04-25,PRIV01,ICU,7
2026-04-25,PRIV01,Maternity,3
2026-04-25,PRIV02,ER,16
2026-04-25,PRIV02,ICU,8
2026-04-25,PRIV02,Maternity,4
2026-04-25,PRIV03,ER,26
2026-04-25,PRIV03,ICU,6
2026-04-25,PRIV03,Maternity,2
2026-04-25,PRIV04,ER,25
2026-04-25,PRIV04,ICU,6
2026-04-25,PRIV04,Maternity,4
2026-04-25,PRIV05,ER,17
2026-04-25,PRIV05,ICU,15
2026-04-25,PRIV05,Maternity,6
2026-04-25,03-18,ER,20
2026-04-25,03-18,ICU,4
2026-04-25,03-18,Maternity,1
2026-04-25,04-16,ER,16
2026-04-25,04-16,ICU,7
2026-04-25,04-16,Maternity,3
2026-04-25,05-08,ER,26
2026-04-25,05-08,ICU,7
2026-04-25,05-08,Maternity,6
2026-04-25,05-17,ER,16
2026-04-25,05-17,ICU,17
2026-04-25,05-17,Maternity,5
2026-04-25,06-05,ER,20
2026-04-25,06-05,ICU,7
2026-04-25,06-05,Maternity,1
2026-04-25,07-10,ER,12
2026-04-25,07-10,ICU,10
2026-04-25,07-10,Maternity,4
2026-04-25,08-01,ER,16
2026-04-25,08-01,ICU,10
2026-04-25,08-01,Maternity,5
2026-04-25,PRIV06,ER,23
2026-04-25,PRIV06,ICU,5
2026-04-25,PRIV06,Maternity,5
2026-04-25,PRIV07,ER,13
2026-04-25,PRIV07,ICU,12
2026-04-25,PRIV07,Maternity,5
2026-04-25,PRIV08,ER,12
2026-04-25,PRIV08,ICU,6
2026-04-25,PRIV08,Maternity,6
2026-04-25,13-12,ER,19
2026-04-25,13-12,ICU,6
2026-04-25,13-12,Maternity,3
2026-04-25,14-07,ER,10
2026-04-25,14-07,ICU,10
2026-04-25,14-07,Maternity,7
2026-04-25,14-11,ER,16
2026-04-25,14-11,ICU,10
2026-04-25,14-11,Maternity,4
2026-04-25,01-22,ER,19
2026-04-25,01-22,ICU,9
2026-04-25,01-22,Maternity,11
2026-04-26,01-24,ER,15
2026-04-26,01-24,ICU,13
2026-04-26,01-24,Maternity,6
2026-04-26,01-23,ER,17
2026-04-26,01-23,ICU,12
2026-04-26,01-23,Maternity,2
2026-04-26,01-20,ER,14
2026-04-26,01-20,ICU,9
2026-04-26,01-20,Maternity,3
2026-04-26,01-02,ER,14
2026-04-26,01-02,ICU,6
2026-04-26,01-02,Maternity,2
2026-04-26,01-03,ER,23
2026-04-26,01-03,ICU,13
2026-04-26,01-03,Maternity,4
2026-04-26,01-21,ER,11
2026-04-26,01-21,ICU,11
2026-04-26,01-21,Maternity,4
2026-04-26,01-19,ER,23
2026-04-26,01-19,ICU,12
2026-04-26,01-19,Maternity,4
2026-04-26,PRIV01,ER,23
2026-04-26,PRIV01,ICU,6
2026-04-26,PRIV01,Maternity,3
2026-04-26,PRIV02,ER,16
2026-04-26,PRIV02,ICU,7
2026-04-26,PRIV02,Maternity,4
2026-04-26,PRIV03,ER,17
2026-04-26,PRIV03,ICU,10
2026-04-26,PRIV03,Maternity,4
2026-04-26,PRIV04,ER,17
2026-04-26,PRIV04,ICU,6
2026-04-26,PRIV04,Maternity,3
2026-04-26,PRIV05,ER,14
2026-04-26,PRIV05,ICU,9
2026-04-26,PRIV05,Maternity,3
2026-04-26,03-18,ER,11
2026-04-26,03-18,ICU,9
2026-04-26,03-18,Maternity,1
2026-04-26,04-16,ER,13
2026-04-26,04-16,ICU,11
2026-04-26,04-16,Maternity,8
2026-04-26,05-08,ER,16
2026-04-26,05-08,ICU,12
2026-04-26,05-08,Maternity,9
2026-04-26,05-17,ER,19
2026-04-26,05-17,ICU,7
2026-04-26,05-17,Maternity,9
2026-04-26,06-05,ER,25
2026-04-26,06-05,ICU,2
2026-04-26,06-05,Maternity,4
2026-04-26,07-10,ER,11
2026-04-26,07-10,ICU,11
2026-04-26,07-10,Maternity,3
2026-04-26,08-01,ER,12
2026-04-26,08-01,ICU,11
2026-04-26,08-01,Maternity,4
2026-04-26,PRIV06,ER,17
2026-04-26,PRIV06,ICU,9
2026-04-26,PRIV06,Maternity,10
2026-04-26,PRIV07,ER,10
2026-04-26,PRIV07,ICU,9
2026-04-26,PRIV07,Maternity,3
2026-04-26,PRIV08,ER,16
2026-04-26,PRIV08,ICU,8
2026-04-26,PRIV08,Maternity,5
2026-04-26,13-12,ER,20
2026-04-26,13-12,ICU,10
2026-04-26,13-12,Maternity,5
2026-04-26,14-07,ER,19
2026-04-26,14-07,ICU,14
2026-04-26,14-07,Maternity,6
2026-04-26,14-11,ER,18
2026-04-26,14-11,ICU,6
2026-04-26,14-11,Maternity,3
2026-04-26,01-22,ER,15
2026-04-26,01-22,ICU,12
2026-04-26,01-22,Maternity,8
2026-04-27,01-24,ER,17
2026-04-27,01-24,ICU,8
2026-04-27,01-24,Maternity,5
2026-04-27,01-23,ER,16
2026-04-27,01-23,ICU,9
2026-04-27,01-23,Maternity,4
2026-04-27,01-20,ER,22
2026-04-27,01-20,ICU,13
2026-04-27,01-20,Maternity,10
2026-04-27,01-02,ER,18
2026-04-27,01-02,ICU,15
2026-04-27,01-02,Maternity,3
2026-04-27,01-03,ER,16
2026-04-27,01-03,ICU,8
2026-04-27,01-03,Maternity,9
2026-04-27,01-21,ER,17
2026-04-27,01-21,ICU,9
2026-04-27,01-21,Maternity,4
2026-04-27,01-19,ER,25
2026-04-27,01-19,ICU,7
2026-04-27,01-19,Maternity,1
2026-04-27,PRIV01,ER,19
2026-04-27,PRIV01,ICU,6
2026-04-27,PRIV01,Maternity,2
2026-04-27,PRIV02,ER,23
2026-04-27,PRIV02,ICU,5
2026-04-27,PRIV02,Maternity,5
2026-04-27,PRIV03,ER,15
2026-04-27,PRIV03,ICU,8
2026-04-27,PRIV03,Maternity,9
2026-04-27,PRIV04,ER,16
2026-04-27,PRIV04,ICU,11
2026-04-27,PRIV04,Maternity,3
2026-04-27,PRIV05,ER,14
2026-04-27,PRIV05,ICU,7
2026-04-27,PRIV05,Maternity,6
2026-04-27,03-18,ER,13
2026-04-27,03-18,ICU,7
2026-04-27,03-18,Maternity,7
2026-04-27,04-16,ER,13
2026-04-27,04-16,ICU,4
2026-04-27,04-16,Maternity,5
2026-04-27,05-08,ER,11
2026-04-27,05-08,ICU,9
2026-04-27,05-08,Maternity,3
2026-04-27,05-17,ER,18
2026-04-27,05-17,ICU,9
2026-04-27,05-17,Maternity,4
2026-04-27,06-05,ER,17
2026-04-27,06-05,ICU,10
2026-04-27,06-05,Maternity,5
2026-04-27,07-10,ER,22
2026-04-27,07-10,ICU,9
2026-04-27,07-10,Maternity,4
2026-04-27,08-01,ER,7
2026-04-27,08-01,ICU,7
2026-04-27,08-01,Maternity,1
2026-04-27,PRIV06,ER,15
2026-04-27,PRIV06,ICU,10
2026-04-27,PRIV06,Maternity,7
2026-04-27,PRIV07,ER,15
2026-04-27,PRIV07,ICU,9
2026-04-27,PRIV07,Maternity,7
2026-04-27,PRIV08,ER,19
2026-04-27,PRIV08,ICU,7
2026-04-27,PRIV08,Maternity,6
2026-04-27,13-12,ER,9
2026-04-27,13-12,ICU,7
2026-04-27,13-12,Maternity,7
2026-04-27,14-07,ER,11
2026-04-27,14-07,ICU,9
2026-04-27,14-07,Maternity,5
2026-04-27,14-11,ER,19
2026-04-27,14-11,ICU,5
2026-04-27,14-11,Maternity,1
2026-04-27,01-22,ER,15
2026-04-27,01-22,ICU,8
2026-04-27,01-22,Maternity,7
2026-04-28,01-24,ER,15
2026-04-28,01-24,ICU,12
2026-04-28,01-24,Maternity,3
2026-04-28,01-23,ER,17
2026-04-28,01-23,ICU,5
2026-04-28,01-23,Maternity,6
2026-04-28,01-20,ER,15
2026-04-28,01-20,ICU,11
2026-04-28,01-20,Maternity,4
2026-04-28,01-02,ER,20
2026-04-28,01-02,ICU,6
2026-04-28,01-02,Maternity,5
2026-04-28,01-03,ER,17
2026-04-28,01-03,ICU,10
2026-04-28,01-03,Maternity,5
2026-04-28,01-21,ER,18
2026-04-28,01-21,ICU,8
2026-04-28,01-21,Maternity,6
2026-04-28,01-19,ER,19
2026-04-28,01-19,ICU,9
2026-04-28,01-19,Maternity,3
2026-04-28,PRIV01,ER,24
2026-04-28,PRIV01,ICU,3
2026-04-28,PRIV01,Maternity,4
2026-04-28,PRIV02,ER,24
2026-04-28,PRIV02,ICU,9
2026-04-28,PRIV02,Maternity,4
2026-04-28,PRIV03,ER,16
2026-04-28,PRIV03,ICU,11
2026-04-28,PRIV03,Maternity,5
2026-04-28,PRIV04,ER,23
2026-04-28,PRIV04,ICU,7
2026-04-28,PRIV04,Maternity,4
2026-04-28,PRIV05,ER,12
2026-04-28,PRIV05,ICU,5
2026-04-28,PRIV05,Maternity,4
2026-04-28,03-18,ER,15
2026-04-28,03-18,ICU,9
2026-04-28,03-18,Maternity,4
2026-04-28,04-16,ER,19
2026-04-28,04-16,ICU,7
2026-04-28,04-16,Maternity,4
2026-04-28,05-08,ER,15
2026-04-28,05-08,ICU,7
2026-04-28,05-08,Maternity,7
2026-04-28,05-17,ER,12
2026-04-28,05-17,ICU,18
2026-04-28,05-17,Maternity,5
2026-04-28,06-05,ER,16
2026-04-28,06-05,ICU,12
2026-04-28,06-05,Maternity,2
2026-04-28,07-10,ER,18
2026-04-28,07-10,ICU,10
2026-04-28,07-10,Maternity,5
2026-04-28,08-01,ER,18
2026-04-28,08-01,ICU,8
2026-04-28,08-01,Maternity,3
2026-04-28,PRIV06,ER,22
2026-04-28,PRIV06,ICU,9
2026-04-28,PRIV06,Maternity,6
2026-04-28,PRIV07,ER,22
2026-04-28,PRIV07,ICU,4
2026-04-28,PRIV07,Maternity,13
2026-04-28,PRIV08,ER,16
2026-04-28,PRIV08,ICU,10
2026-04-28,PRIV08,Maternity,7
2026-04-28,13-12,ER,22
2026-04-28,13-12,ICU,9
2026-04-28,13-12,Maternity,7
2026-04-28,14-07,ER,21
2026-04-28,14-07,ICU,7
2026-04-28,14-07,Maternity,3
2026-04-28,14-11,ER,17
2026-04-28,14-11,ICU,3
2026-04-28,14-11,Maternity,3
2026-04-28,01-22,ER,19
2026-04-28,01-22,ICU,13
2026-04-28,01-22,Maternity,7
2026-04-29,01-24,ER,24
2026-04-29,01-24,ICU,8
2026-04-29,01-24,Maternity,5
2026-04-29,01-23,ER,14
2026-04-29,01-23,ICU,9
2026-04-29,01-23,Maternity,7
2026-04-29,01-20,ER,24
2026-04-29,01-20,ICU,10
2026-04-29,01-20,Maternity,3
2026-04-29,01-02,ER,25
2026-04-29,01-02,ICU,11
2026-04-29,01-02,Maternity,3
2026-04-29,01-03,ER,16
2026-04-29,01-03,ICU,6
2026-04-29,01-03,Maternity,3
2026-04-29,01-21,ER,18
2026-04-29,01-21,ICU,15
2026-04-29,01-21,Maternity,7
2026-04-29,01-19,ER,20
2026-04-29,01-19,ICU,8
2026-04-29,01-19,Maternity,4
2026-04-29,PRIV01,ER,25
2026-04-29,PRIV01,ICU,8
2026-04-29,PRIV01,Maternity,4
2026-04-29,PRIV02,ER,16
2026-04-29,PRIV02,ICU,7
2026-04-29,PRIV02,Maternity,4
2026-04-29,PRIV03,ER,13
2026-04-29,PRIV03,ICU,11
2026-04-29,PRIV03,Maternity,2
2026-04-29,PRIV04,ER,17
2026-04-29,PRIV04,ICU,8
2026-04-29,PRIV04,Maternity,3
2026-04-29,PRIV05,ER,12
2026-04-29,PRIV05,ICU,10
2026-04-29,PRIV05,Maternity,3
2026-04-29,03-18,ER,16
2026-04-29,03-18,ICU,9
2026-04-29,03-18,Maternity,3
2026-04-29,04-16,ER,16
2026-04-29,04-16,ICU,19
2026-04-29,04-16,Maternity,6
2026-04-29,05-08,ER,19
2026-04-29,05-08,ICU,11
2026-04-29,05-08,Maternity,5
2026-04-29,05-17,ER,18
2026-04-29,05-17,ICU,6
2026-04-29,05-17,Maternity,5
2026-04-29,06-05,ER,19
2026-04-29,06-05,ICU,13
2026-04-29,06-05,Maternity,6
2026-04-29,07-10,ER,25
2026-04-29,07-10,ICU,15
2026-04-29,07-10,Maternity,9
2026-04-29,08-01,ER,18
2026-04-29,08-01,ICU,10
2026-04-29,08-01,Maternity,3
2026-04-29,PRIV06,ER,18
2026-04-29,PRIV06,ICU,10
2026-04-29,PRIV06,Maternity,6
2026-04-29,PRIV07,ER,18
2026-04-29,PRIV07,ICU,7
2026-04-29,PRIV07,Maternity,3
2026-04-29,PRIV08,ER,17
2026-04-29,PRIV08,ICU,14
2026-04-29,PRIV08,Maternity,5
2026-04-29,13-12,ER,21
2026-04-29,13-12,ICU,10
2026-04-29,13-12,Maternity,2
2026-04-29,14-07,ER,30
2026-04-29,14-07,ICU,9
2026-04-29,14-07,Maternity,4
2026-04-29,14-11,ER,16
2026-04-29,14-11,ICU,12
2026-04-29,14-11,Maternity,2
2026-04-29,01-22,ER,6
2026-04-29,01-22,ICU,14
2026-04-29,01-22,Maternity,3
2026-04-30,01-24,ER,17
2026-04-30,01-24,ICU,7
2026-04-30,01-24,Maternity,6
2026-04-30,01-23,ER,16
2026-04-30,01-23,ICU,7
2026-04-30,01-23,Maternity,3
2026-04-30,01-20,ER,11
2026-04-30,01-20,ICU,14
2026-04-30,01-20,Maternity,4
2026-04-30,01-02,ER,17
2026-04-30,01-02,ICU,6
2026-04-30,01-02,Maternity,2
2026-04-30,01-03,ER,16
2026-04-30,01-03,ICU,6
2026-04-30,01-03,Maternity,3
2026-04-30,01-21,ER,21
2026-04-30,01-21,ICU,9
2026-04-30,01-21,Maternity,7
2026-04-30,01-19,ER,15
2026-04-30,01-19,ICU,11
2026-04-30,01-19,Maternity,4
2026-04-30,PRIV01,ER,14
2026-04-30,PRIV01,ICU,10
2026-04-30,PRIV01,Maternity,8
2026-04-30,PRIV02,ER,24
2026-04-30,PRIV02,ICU,7
2026-04-30,PRIV02,Maternity,6
2026-04-30,PRIV03,ER,26
2026-04-30,PRIV03,ICU,12
2026-04-30,PRIV03,Maternity,4
2026-04-30,PRIV04,ER,18
2026-04-30,PRIV04,ICU,12
2026-04-30,PRIV04,Maternity,9
2026-04-30,PRIV05,ER,13
2026-04-30,PRIV05,ICU,10
2026-04-30,PRIV05,Maternity,6
2026-04-30,03-18,ER,17
2026-04-30,03-18,ICU,12
2026-04-30,03-18,Maternity,3
2026-04-30,04-16,ER,21
2026-04-30,04-16,ICU,9
2026-04-30,04-16,Maternity,2
2026-04-30,05-08,ER,23
2026-04-30,05-08,ICU,14
2026-04-30,05-08,Maternity,4
2026-04-30,05-17,ER,15
2026-04-30,05-17,ICU,13
2026-04-30,05-17,Maternity,4
2026-04-30,06-05,ER,15
2026-04-30,06-05,ICU,10
2026-04-30,06-05,Maternity,3
2026-04-30,07-10,ER,18
2026-04-30,07-10,ICU,14
2026-04-30,07-10,Maternity,7
2026-04-30,08-01,ER,14
2026-04-30,08-01,ICU,7
2026-04-30,08-01,Maternity,3
2026-04-30,PRIV06,ER,21
2026-04-30,PRIV06,ICU,13
2026-04-30,PRIV06,Maternity,9
2026-04-30,PRIV07,ER,23
2026-04-30,PRIV07,ICU,9
2026-04-30,PRIV07,Maternity,5
2026-04-30,PRIV08,ER,13
2026-04-30,PRIV08,ICU,6
2026-04-30,PRIV08,Maternity,5
2026-04-30,13-12,ER,12
2026-04-30,13-12,ICU,10
2026-04-30,13-12,Maternity,4
2026-04-30,14-07,ER,11
2026-04-30,14-07,ICU,12
2026-04-30,14-07,Maternity,3
2026-04-30,14-11,ER,16
2026-04-30,14-11,ICU,13
2026-04-30,14-11,Maternity,2
2026-04-30,01-22,ER,14
2026-04-30,01-22,ICU,10
2026-04-30,01-22,Maternity,5
